"Num_Acc";"jour";"mois";"an";"hrmn";"lum";"dep";"com";"agg";"int";"atm";"col";"adr";"lat";"long"
"202400000564";"2";"05";"2024";"17:40";"1";100;100318";"1";"9";"3";"6";"T10";"42,43603700";"9,51913600"
"202400000565";"22";"10";"2024";"07:00";"2";"11";"11254";"1";"1";"3";"5";"D21";"43,18594300";"2,11892900"
"202400000566";"18";"09";"2024";"14:10";"1";"75";"75119";"2";"3";"1";"6";"RUE D HAUTPOUL";"48,88323848";"2,38790613"
"202400000567";"2";"05";"2024";"10:15";"1";"80";"80116";"1";"4";"1";"3";"D934";"49,75210000";"2,65979600"
"202400000568";"24";"10";"2024";"18:01";"1";"63";"63160";"1";"1";"1";"7";"D9";"45,57554000";"3,31510300"
"202400000569";"17";"09";"2024";"22:40";"5";"75";"75118";"2";"1";"1";"2";"AVENUE DE LA PORTE DE LA CHAPELLE";"48,89936000";"2,35873000"
"202400000570";"30";"04";"2024";"23:40";"5";"49";"49223";"2";"2";"1";"3";"Rue Arsène Monnier";"47,40171500";" -0,52525700"
"202400000571";"25";"10";"2024";"15:40";"1";"76";"76711";"2";"1";"1";"7";"Quai Francois 1er";"50,06182800";"1,37090400"
"202400000572";"18";"09";"2024";"19:10";"1";"75";"75116";"2";"4";"1";"2";"ALLEE DU BORD DE L EAU";"48,87417500";"2,24488200"
"202400000573";"2";"05";"2024";"13:45";"1";"22";"22207";"1";"1";"1";"7";"Keraveou";"48,60679100";" -3,49715500"
"202400000574";"24";"10";"2024";"17:15";"1";"61";"61414";"2";"1";"1";"2";"68bis Rue du Faubourg Saint-eloi";"48,52387700";"0,53825400"
"202400000575";"10";"08";"2024";"22:50";"5";"89";"89024";"2";"2";"1";"3";"DENFERT ROCHEREAU (AVENUE)";"47,80179000";"3,56356000"
"202400000576";"24";"10";"2024";"07:58";"1";"61";"61283";"1";"1";"1";"6";"D958";"48,80702600";" -0,10847900"
"202400000577";"29";"04";"2024";"13:00";"1";"22";"22183";"1";"1";"1";"2";"N164";"48,16927700";" -2,62895100"
"202400000578";"18";"09";"2024";"12:00";"1";"75";"75116";"2";"4";"1";"1";"ROUTE DES LACS A PASSY";"48,85844200";"2,26076400"
"202400000579";"7";"08";"2024";"11:00";"1";"86";"86194";"2";"2";"1";"3";"Avenue Rhin et Danube";"46,56827000";"0,34377000"
"202400000580";"2";"05";"2024";"07:30";"3";"29";"29185";"1";"1";"1";"6";"Lieu Dit Goas Vian";"48,66971639";" -4,20180564"
"202400000581";"25";"10";"2024";"16:10";"1";"55";"55502";"2";"1";"1";"1";"24 Avenue Gambetta";"49,49274100";"5,19573900"
"202400000582";"18";"09";"2024";"10:30";"1";"75";"75116";"2";"2";"1";"3";"AVENUE MOZART";"48,85557900";"2,27029200"
"202400000583";"13";"08";"2024";"23:53";"5";"85";"85191";"2";"6";"1";"6";"Rue roger salengro";"46,66615600";" -1,44511500"
"202400000584";"2";"05";"2024";"18:35";"2";"31";"31033";"2";"6";"1";"6";"RUE FERDINAND BUISSON";"43,35074900";"1,47393800"
"202400000585";"25";"10";"2024";"15:30";"1";"12";"12044";"1";"1";"1";"1";"D51";"43,80770500";"2,86535600"
"202400000586";"18";"09";"2024";"08:16";"1";"75";"75115";"2";"2";"1";"6";"AVENUE EMILE ZOLA";"48,84655400";"2,28613800"
"202400000587";"1";"05";"2024";"09:56";"1";"54";"54447";"1";"1";"1";"6";"RD 992";"48,54385875";"6,74208641"
"202400000588";"24";"10";"2024";"13:50";"1";"42";"42059";"1";"1";"1";"5";"D12.2";"45,64342600";"4,36806300"
"202400000589";"24";"10";"2024";"20:15";"3";"46";"46234";"1";"1";"1";"7";"D25";"44,64097500";"1,31532300"
"202400000590";"13";"08";"2024";"21:05";"2";"84";"84007";"1";"3";"1";"1";"CHEMIN DE LA TRAILLE";"43,95740000";"4,80304000"
"202400000591";"17";"09";"2024";"16:15";"1";"75";"75114";"2";"3";"1";"6";"AVENUE DU MAINE";"48,83502100";"2,32400800"
"202400000592";"13";"08";"2024";"10:00";"1";"83";"83062";"2";"9";"9";"6";"GUES (BD LT DE VAISSEAI)";"43,11545487";"5,98111398"
"202400000593";"24";"10";"2024";"15:30";"1";"46";"46231";"2";"4";"1";"6";"9 Rue du Docteur Rouma";"44,50208800";"1,13756200"
"202400000594";"13";"08";"2024";"18:20";"1";"82";"82033";"2";"1";"1";"6";"Rue Baptiste Marcet";"44,05110000";"1,09813000"
"202400000595";"25";"10";"2024";"12:35";"1";"25";"25228";"1";"1";"1";"1";"D61";"47,51611000";"6,86661100"
"202400000596";"13";"08";"2024";"18:10";"1";"82";"82033";"2";"1";"1";"2";"Rue de l’Usine";"44,04958000";"1,10826000"
"202400000597";"1";"05";"2024";"07:10";"1";"45";"45193";"1";"1";"2";"1";"D13 PR 7 + 383";"47,79402500";"2,08424800"
"202400000598";"22";"10";"2024";"19:50";"2";"44";"44067";"1";"3";"1";"3";"Le Bout des Ponts";"47,62528500";" -1,83106900"
"202400000599";"13";"08";"2024";"12:25";"1";"78";"78621";"2";"1";"1";"2";"NATIONALE 10 (ROUTE)";"48,77835100";"2,00474400"
"202400000600";"1";"05";"2024";"16:54";"1";"73";"73241";"1";"1";"1";"7";"D925";"45,60459415";"6,30907148"
"202400000601";"28";"04";"2024";"17:00";"1";"43";"43203";"1";"1";"2";"7";"Route d'Yssingeaux";"45,16245338";"4,04161000"
"202400000602";"13";"08";"2024";"23:30";"5";"78";"78172";"1";"4";"1";"2";"SEINE ET OISE (RUE DE)";"49,00278600";"2,08078100"
"202400000603";"2";"05";"2024";"17:40";"1";"21";"21640";"1";"1";"2";"1";"D954";"47,50314200";"4,26370700"
"202400000604";"13";"08";"2024";"08:00";"1";"77";"77373";"2";"1";"1";"1";"RUE DES TILLEULS";"48,80341000";"2,62178000"
"202400000605";"12";"08";"2024";"22:15";"3";"77";"77131";"1";"1";"1";"7";"D402 (DEVIATION)";"48,83048000";"3,08734000"
"202400000606";"1";"05";"2024";"18:45";"1";"21";"21562";"1";"1";"1";"1";"D27J";"47,55612600";"5,37791500"
"202400000607";"2";"05";"2024";"20:30";"2";"21";"21534";"1";"1";"1";"7";"D20a";"47,03042800";"4,90672600"
"202400000608";"12";"08";"2024";"12:50";"1";"76";"76351";"2";"2";"1";"3";"WINSTON CHURCHILL";"49,49421000";"0,13845000"
"202400000609";"1";"05";"2024";"02:00";"3";"40";"40175";"1";"1";"1";"6";"D398";"43,82174400";" -0,36383100"
"202400000610";"1";"05";"2024";"19:50";"1";"27";"27685";"1";"1";"1";"6";"D830";"48,92115300";"0,78348400"
"202400000611";"13";"08";"2024";"13:15";"1";"69";"69290";"2";"1";"1";"4";"Avenue Pierre Cot";"45,70814000";"4,89922000"
"202400000612";"2";"05";"2024";"17:30";"1";"37";"37045";"1";"1";"1";"6";"La Cormeliere";"47,02481100";"0,62780900"
"202400000613";"13";"08";"2024";"22:15";"5";"67";"67482";"2";"1";"1";"1";"BRUMATH (ROUTE DE)";"48,59689000";"7,74148000"
"202400000614";"12";"08";"2024";"17:55";"1";"67";"67462";"2";"6";"1";"6";"LOHMUHLE (ALLEE DE LA)";"48,26430067";"7,44174868"
"202400000615";"26";"02";"2024";"10:30";"1";"60";"60030";"1";"1";"1";"6";"A16";"49,35432226";"2,10784721"
"202400000616";"13";"08";"2024";"12:40";"1";"64";"64445";"2";"1";"2";"2";"JEAN MERMOZ";"43,31521713";" -0,37786558"
"202400000617";"1";"05";"2024";"07:50";"1";"987";"98715";"2";"1";"1";"3";"Avenue Aratia Nelson Mandela,";" -17,54620200";" -149,58200700"
"202400000618";"12";"08";"2024";"15:45";"1";"64";"64445";"2";"1";"1";"3";"ALSACE LORRAINE D'";"43,30350000";" -0,36455000"
"202400000619";"2";"05";"2024";"04:59";"2";"67";"67117";"1";"1";"1";"7";"A4 PK 436.100";"48,76430281";"7,34295248"
"202400000620";"2";"05";"2024";"14:00";"1";"90";"90034";"1";"1";"3";"2";"A 36 PK 030.600";"47,64624000";"6,91082400"
"202400000621";"13";"08";"2024";"12:00";"1";"59";"59512";"2";"2";"8";"3";"ALGER  (RUE D')";"50,70768900";"3,18676600"
"202400000622";"12";"08";"2024";"14:30";"1";"59";"59569";"2";"3";"1";"3";"BARBUSSE (RUE HENRI)";"50,39443700";"3,14023500"
"202400000623";"1";"05";"2024";"22:15";"3";"976";"97617";"1";"1";"1";"5";"CCd1 - combani";" -12,79640100";"45,13076300"
"202400000624";"2";"05";"2024";"05:40";"3";"77";"77065";"1";"2";"9";"6";"Intersection Autoroute A6, échangeur de Cély, circulant vers la province et D372";"48,45675800";"2,51995100"
"202400000625";"10";"08";"2024";"08:40";"1";"59";"59334";"1";"1";"1";"3";"RD 643";"50,39117000";"3,04705000"
"202400000626";"30";"04";"2024";"19:15";"3";"973";"97305";"1";"9";"1";"6";"Route Nationale 1";"4,94194600";" -52,41352900"
"202400000627";"13";"08";"2024";"07:50";"1";"54";"54395";"2";"2";"1";"1";"Rue Gambetta";"48,69205000";"6,17993000"
"202400000628";"1";"05";"2024";"02:08";"3";"971";"97117";"1";"1";"1";"6";"Route de Devarieux";"16,29819600";" -61,34455600"
"202400000629";"1";"05";"2024";"17:50";"1";100;100134";"2";"1";"1";"6";"Place Pascal Paoli";"42,63478000";"8,93906200"
"202400000630";"10";"08";"2024";"13:35";"1";"50";"50129";"2";"1";"1";"7";"GAULLE (RUE DU GENERAL DE)";"49,65884300";" -1,67770000"
"202400000631";"30";"04";"2024";"08:18";"1";"83";"83138";"1";"1";"1";"1";"Route de Bagnols En Foret";"43,58820500";"6,73047200"
"202400000632";"13";"08";"2024";"19:12";"1";"49";"49007";"2";"1";"1";"5";"LEKEU";"47,47155000";" -0,52156000"
"202400000633";"20";"03";"2024";"07:40";"1";"89";"89257";"2";"3";"1";"2";"Avenue Edouard Branly";"47,96484300";"3,52277800"
"202400000634";"13";"08";"2024";"16:51";"1";"49";"49007";"1";"1";"1";"4";"RD 323";"47,46860000";" -0,58700000"
"202400000635";"2";"05";"2024";"16:20";"1";"71";"71588";"1";"1";"3";"2";"N79";"46,46530500";"4,08670500"
"202400000636";"1";"05";"2024";"06:00";"2";"71";"71176";"1";"1";"1";"6";"Route des Sables";"46,49265594";"4,04164271"
"202400000637";"13";"08";"2024";"16:20";"1";"45";"45302";"2";"1";"1";"1";"D602 PR 0 + 400";"47,93693100";"1,88900100"
"202400000638";"29";"04";"2024";"19:15";"1";"01";"01397";"2";"3";"1";"3";"route de la douane";"46,31250100";"6,11884800"
"202400000639";"13";"08";"2024";"08:25";"1";"45";"45234";"2";"2";"2";"3";"90 Rue de Coulmiers";"47,91191000";"1,89709000"
"202400000640";"1";"05";"2024";"19:00";"1";"69";"69191";"2";"3";"2";"3";"Route de Lyon";"45,80194883";"4,82016217"
"202400000641";"12";"08";"2024";"19:10";"1";"45";"45234";"2";"1";"1";"6";"68 Boulevard Alexandre Martin";"47,90624000";"1,90757000"
"202400000642";"30";"04";"2024";"11:00";"1";"86";"86274";"2";"1";"1";"6";"2 Route de Montreuil";"47,06841300";"0,00433300"
"202400000643";"13";"08";"2024";"19:00";"1";"45";"45004";"2";"2";"1";"2";"D2107 PR 1 + 630";"47,97967500";"2,73309000"
"202400000644";"1";"05";"2024";"15:30";"1";"86";"86100";"1";"2";"2";"3";"D3";"46,55221000";"0,23787800"
"202400000645";"13";"08";"2024";"10:47";"1";"42";"42187";"2";"5";"1";"6";"Avenue de Paris";"46,04203000";"4,07302000"
"202400000646";"1";"05";"2024";"12:55";"1";"86";"86019";"1";"1";"3";"7";"D910";"46,73887400";"0,46612900"
"202400000647";"5";"08";"2024";"15:15";"1";"40";"40088";"2";"1";"1";"6";"MANOIR (BOULEVARD YVES DU)";"43,71334000";" -1,04865000"
"202400000648";"8";"04";"2024";"08:10";"1";"29";"29124";"2";"2";"1";"3";"Rue Frédéric Le Guyader";"48,56621800";" -4,31952600"
"202400000649";"31";"07";"2024";"15:35";"1";"40";"40279";"2";"1";"1";"7";"RESISTANCE (AVE DE LA)";"43,72454488";" -1,05857313"
"202400000650";"13";"08";"2024";"16:10";"1";"37";"37214";"2";"6";"1";"6";"HUGO (RUE VICTOR)";"47,41003000";"0,66748000"
"202400000651";"1";"05";"2024";"04:57";"5";"69";"69382";"1";"1";"1";"5";"Route de Métropole 7";"45,73468000";"4,81870000"
"202400000652";"1";"05";"2024";"11:15";"1";"91";"91161";"1";"1";"1";"7";"AUTOROUTE A6";"48,70530000";"2,30579000"
"202400000653";"13";"08";"2024";"17:15";"1";"35";"35238";"2";"1";"1";"5";"PORTE DE LORIENT";"48,10906402";" -1,71774179"
"202400000654";"1";"05";"2024";"04:17";"3";"77";"77384";"1";"1";"1";"3";"AUTOROUTE A5A";"48,60127400";"2,60093500"
"202400000655";"13";"08";"2024";"15:50";"1";"35";"35238";"2";"3";"1";"3";"MITTERAND (MAIL FRANCOIS)";"48,11020240";" -1,68621629"
"202400000656";"1";"05";"2024";"13:40";"1";"93";"93066";"1";"1";"1";"2";"A1";"48,91936344";"2,35754643"
"202400000657";"26";"02";"2024";"12:50";"1";"74";"74010";"2";"1";"1";"6";"ILES (AVENUE DES)(SECTEUR 410) ";"45,90932000";"6,11715000"
"202400000658";"13";"08";"2024";"15:35";"1";"35";"35238";"2";"1";"1";"3";"SAINT-MALO (RUE DE)";"48,12871000";" -1,68767000"
"202400000659";"13";"02";"2024";"06:50";"5";"74";"74010";"2";"1";"1";"3";"CHARLES DE GAULLE (PLACE) ";"45,91178000";"6,13149000"
"202400000660";"19";"02";"2024";"06:06";"5";"37";"37261";"2";"6";"2";"7";"ROND POINT EMMAUS";"47,43021000";"0,70530000"
"202400000661";"13";"08";"2024";"08:30";"1";"35";"35051";"2";"6";"2";"2";"PARIS (RUE DE)";"48,10980362";" -1,60913900"
"202400000662";"19";"04";"2024";"19:00";"3";"987";"98735";"1";"1";"1";"3";"PIERRE LOTI (ALLEE QTIER T.MARAETEFAU)";" -17,55094140";" -149,55215335"
"202400000663";"30";"04";"2024";"06:50";"1";"976";"97611";"2";"1";"1";"7";"mamoudzou centre-RP Passot quai colas (R";" -12,77700000";"45,23200000"
"202400000664";"13";"08";"2024";"07:35";"1";"35";"35238";"2";"1";"2";"3";"SAINT-HELIER";"48,10601000";" -1,66645000"
"202400000665";"1";"05";"2024";"03:00";"3";"974";"97411";"1";"9";"1";"6";"VINH-SAN (BLD 1 DU PRINCE)";" -20,88550000";"55,43986000"
"202400000666";"13";"08";"2024";"21:15";"5";"34";"34129";"2";"1";"1";"6";"D21 E1";"43,58292000";"3,92549000"
"202400000667";"30";"04";"2024";"22:50";"5";"974";"97411";"2";"9";"1";"3";"LATTRE DE TASSIGNY (AVENUE MARECHAL DE)";" -20,88950000";"55,47735000"
"202400000668";"29";"04";"2024";"19:02";"5";"973";"97302";"2";"2";"1";"3";"DE GAULLE (AVENUE)";"4,93880030";" -52,33173788"
"202400000669";"10";"08";"2024";"19:00";"1";"34";"34336";"1";"2";"1";"3";"SALANCS (CHEMIN DES)";"43,30502000";"3,29484000"
"202400000670";"30";"04";"2024";"19:17";"1";"69";"69387";"2";"1";"1";"6";"Rue Sébastien Gryphe";"45,74776000";"4,83872000"
"202400000671";"13";"08";"2024";"14:50";"1";"33";"33009";"2";"2";"1";"3";"N/A";"44,65640000";" -1,17634000"
"202400000672";"30";"04";"2024";"14:35";"1";"69";"69383";"2";"6";"1";"6";"Cours Richard Vitton";"45,75346000";"4,89183000"
"202400000673";"30";"04";"2024";"16:10";"1";"972";"97213";"2";"1";"1";"7";"ROUTE NATIONALE 1";"14,61970000";" -60,99459000"
"202400000674";"13";"08";"2024";"19:45";"1";"31";"31555";"2";"3";"1";"3";"AV JULES JULIEN";"43,57607592";"1,45113140"
"202400000675";"30";"04";"2024";"07:20";"1";"972";"97209";"1";"1";"1";"1";"CANAL ALARIC (RUE DU)";"14,60589000";" -61,05610000"
"202400000676";"12";"08";"2024";"20:55";"2";"31";"31555";"2";"8";"1";"3";"RUE SAINT ROCH";"43,57800000";"1,44743000"
"202400000677";"30";"04";"2024";"17:10";"1";"971";"97113";"1";"1";"1";"6";"SECTION TOMBEAU";"16,22211000";" -61,47821000"
"202400000678";"12";"08";"2024";"09:30";"1";"29";"29019";"2";"1";"1";"6";"rue Emile Rousse";"48,38559900";" -4,52802100"
"202400000679";"29";"04";"2024";"16:36";"2";"971";"97113";"1";"3";"1";"2";"RN4 - SECTION RIVIERA";"16,21779437";" -61,49084061"
"202400000680";"30";"04";"2024";"16:40";"1";101;101004";"1";"1";"1";"2";"#RICANTO ROUTE ET PLAGE#";"41,92852000";"8,76835000"
"202400000681";"12";"08";"2024";"20:30";"1";"22";"22113";"1";"1";"1";"3";"MINIHY (CHEMIN DE)";"48,74412000";" -3,53568000"
"202400000682";"29";"04";"2024";"15:30";"1";"95";"95218";"2";"1";"1";"6";"FERNAND CHATELAIN (AVENUE)";"49,02279700";"2,11049900"
"202400000683";"26";"02";"2024";"12:25";"1";"95";"95018";"2";"1";"1";"6";"D909";"48,94906200";"2,25340600"
"202400000684";"13";"08";"2024";"10:32";"1";"13";"13206";"2";"2";"1";"1";"PIERRE PUGET (COURS)";"43,29029000";"5,37606000"
"202400000685";"13";"08";"2024";"08:30";"1";"13";"13209";"2";"1";"1";"1";"GAYE (BOULEVARD DE LA)";"43,25950000";"5,41426000"
"202400000686";"29";"04";"2024";"15:30";"1";"91";"91570";"2";"5";"1";"3";"ROSIERES (RUE)";"48,62579000";"2,31398000"
"202400000687";"26";"04";"2024";"23:10";"5";"88";"88209";"2";"1";"1";"1";"EPINAL (RUE D')";"48,19572000";"6,43772000"
"202400000688";"29";"04";"2024";"10:55";"1";"87";"87085";"2";"1";"1";"7";"DUSSOUBS (PLACE DENIS)";"45,83295000";"1,25582000"
"202400000689";"13";"08";"2024";"09:20";"1";"13";"13216";"2";"3";"1";"3";"Rue le pelletier";"43,36256052";"5,31886038"
"202400000690";"28";"04";"2024";"23:07";"5";"87";"87085";"2";"1";"2";"7";"MIDI (AVENUE DU)";"45,82651000";"1,25728000"
"202400000691";"13";"08";"2024";"09:05";"1";"13";"13047";"2";"6";"1";"6";"EDOUARD GUIZONNIER BOULEVARD";"43,51053000";"4,98830000"
"202400000692";"26";"04";"2024";"22:07";"5";"87";"87085";"2";"2";"2";"5";"RN520";"45,82604000";"1,26802000"
"202400000693";"12";"08";"2024";"17:25";"1";"13";"13098";"1";"1";"1";"2";"D.51";"43,44513000";"5,02521000"
"202400000694";"30";"04";"2024";"17:45";"1";"85";"85191";"2";"6";"1";"3";"Rond-point georges duval";"46,67385700";" -1,40328000"
"202400000695";"12";"08";"2024";"17:10";"1";"12";"12084";"1";"1";"1";"1";"BELAIR";"44,04920000";"3,04611000"
"202400000696";"30";"04";"2024";"10:50";"1";"83";"83062";"1";"1";"1";"6";"FABRI DE PEIRESC (AVENUE)";"43,13961000";"6,02832000"
"202400000697";"12";"08";"2024";"18:10";"1";"10";"10362";"2";"3";"1";"7";"Avenue du General Gallieni";"48,29334000";"4,05013000"
"202400000698";"30";"04";"2024";"07:40";"1";"83";"83137";"2";"3";"1";"3";"Avenue des Moulins";"43,14001051";"5,91307342"
"202400000699";"30";"04";"2024";"05:15";"3";"80";"80131";"1";"1";"1";"1";"RD935";"49,84001000";"2,40457000"
"202400000700";"13";"08";"2024";"10:15";"1";"75";"75115";"2";"1";"1";"2";"BD PERIPHERIQUE EXTERIEUR";"48,83142400";"2,28285400"
"202400000701";"25";"04";"2024";"12:53";"1";"77";"77326";"1";"3";"1";"1";"D346";"48,58155000";"2,55377000"
"202400000702";"12";"08";"2024";"10:15";"1";"75";"75118";"2";"1";"1";"4";"BD PERIPHERIQUE INTERIEUR";"48,90084100";"2,34127500"
"202400000703";"29";"04";"2024";"15:20";"1";"77";"77251";"1";"1";"1";"6";"COTE DE LA BIENVENUE";"48,61076630";"2,54227710"
"202400000704";"12";"08";"2024";"03:12";"5";"75";"75118";"2";"7";"1";"6";"BOULEVARD ORNANO";"48,89519100";"2,34658600"
"202400000705";"29";"04";"2024";"13:33";"1";"77";"77445";"1";"9";"8";"6";"MENDES-FRANCE (AVENUE PIERRE)";"48,59428300";"2,56800800"
"202400000706";"30";"04";"2024";"07:30";"1";"76";"76351";"2";"1";"1";"3";"COLBERT (QUAI)";"49,49120000";"0,12600000"
"202400000707";"12";"08";"2024";"15:15";"1";"75";"75120";"2";"2";"1";"3";"RUE DES PYRENEES";"48,86666400";"2,39713600"
"202400000708";"30";"04";"2024";"14:45";"1";"74";"74012";"2";"1";"1";"6";"AMOUREUX (RUE DES)";"46,19034000";"6,23366000"
"202400000709";"30";"04";"2024";"17:16";"1";"71";"71153";"2";"1";"8";"6";"MITTERRAND (AVENUE FRANCOIS)";"46,80664000";"4,43050000"
"202400000710";"13";"08";"2024";"19:30";"1";"75";"75118";"2";"2";"1";"3";"AVENUE DE LA PORTE DE CLIGNANCOURT";"48,89942300";"2,34427200"
"202400000711";"30";"04";"2024";"19:10";"1";"67";"67482";"2";"1";"1";"1";"ALPES (QUAI DES)";"48,57504000";"7,75966000"
"202400000712";"13";"08";"2024";"17:20";"1";"75";"75117";"2";"2";"1";"3";"BOULEVARD GOUVION SAINT CYR";"48,88312100";"2,28741400"
"202400000713";"30";"04";"2024";"12:40";"1";"67";"67482";"2";"3";"1";"3";"FRERES EBERTS (RUE DES)";"48,55291000";"7,74386000"
"202400000714";"13";"08";"2024";"08:45";"1";"75";"75117";"2";"3";"8";"3";"BOULEVARD DE L YSER";"48,88452100";"2,28703300"
"202400000715";"29";"04";"2024";"19:40";"1";"67";"67447";"2";"1";"1";"3";"BISCHWILLER (ROUTE DE)";"48,59925000";"7,74255000"
"202400000716";"13";"08";"2024";"14:41";"1";"75";"75113";"2";"1";"1";"6";"BOULEVARD MASSENA";"48,82135500";"2,36840300"
"202400000717";"30";"04";"2024";"10:30";"1";"66";"66136";"2";"1";"2";"6";"MERCADER (BOULEVARD FELIX)";"42,69253000";"2,89178000"
"202400000718";"13";"08";"2024";"13:20";"1";"75";"75112";"2";"3";"1";"6";"RUE DU FAUBOURG SAINT ANTOINE";"48,85160400";"2,37485900"
"202400000719";"13";"08";"2024";"20:15";"1";"94";"94073";"1";"1";"1";"7";"N186";"48,75404000";"2,36972000"
"202400000720";"24";"04";"2024";"09:40";"1";"59";"59515";"2";"3";"1";"3";"Charles Isbergues";"50,32778200";"3,43285900"
"202400000721";"5";"04";"2024";"16:25";"1";"59";"59606";"2";"1";"1";"6";"EISEN (BOULEVARD)";"50,36354100";"3,52980300"
"202400000722";"13";"08";"2024";"12:01";"1";"94";"94054";"2";"1";"1";"3";"Allée des Bleuets";"48,74000711";"2,40006691"
"202400000723";"12";"08";"2024";"13:35";"1";"94";"94077";"2";"1";"1";"6";"Quai du Halage";"48,72542000";"2,43685000"
"202400000724";"30";"04";"2024";"19:30";"1";"59";"59299";"1";"9";"2";"2";"CD 700";"50,64661000";"3,19581000"
"202400000725";"12";"08";"2024";"22:35";"5";"94";"94079";"2";"1";"1";"6";"Rue du Général de Gaulle";"48,82672159";"2,53855768"
"202400000726";"30";"04";"2024";"10:10";"1";"59";"59350";"2";"1";"1";"6";"Rue de la Halle";"50,64480000";"3,06044000"
"202400000727";"30";"04";"2024";"23:50";"4";"56";"56260";"2";"4";"1";"6";"Boulevard du Colonel Rémy";"47,65430000";" -2,78342000"
"202400000728";"12";"08";"2024";"15:25";"1";"94";"94071";"2";"3";"1";"3";"Rue du Général Leclerc";"48,77816000";"2,51180000"
"202400000729";"30";"04";"2024";"17:17";"1";"56";"56121";"2";"1";"3";"6";"Place Alsace-Lorraine";"47,75003000";" -3,36154000"
"202400000730";"13";"08";"2024";"12:20";"1";"93";"93066";"2";"1";"1";"3";"Boulevard Carnot";"48,93842700";"2,35300800"
"202400000731";"29";"04";"2024";"15:00";"1";"56";"56098";"2";"3";"7";"2";"Avenue Ambroise Croizat";"47,77525000";" -3,34617000"
"202400000732";"13";"08";"2024";"12:00";"1";"93";"93066";"2";"9";"8";"6";"Avenue du Président Wilson / Rue du Landy";"48,91527269";"2,35787205"
"202400000733";"30";"04";"2024";"15:45";"1";"51";"51454";"2";"2";"1";"3";"BOUSSINESQ (RUE GEORGES)";"49,25228000";"4,04938700"
"202400000734";"13";"08";"2024";"19:15";"1";"93";"93053";"2";"1";"1";"3";"Rue de Brément";"48,88704000";"2,46801000"
"202400000735";"28";"04";"2024";"17:43";"1";"51";"51108";"2";"1";"1";"6";"COMPERE (RUE GENERAL)";"48,95000000";"4,37000000"
"202400000736";"13";"08";"2024";"15:06";"1";"93";"93053";"2";"1";"1";"3";"Rue de Paris";"48,90094322";"2,45557237"
"202400000737";"29";"04";"2024";"18:20";"1";"50";"50129";"2";"3";"1";"3";"MOULIN (RUE JEAN)";"49,63413000";" -1,59571000"
"202400000738";"13";"08";"2024";"14:40";"1";"93";"93048";"2";"1";"8";"1";"Allée Eugénie Cotton";"48,86584233";"2,43018872"
"202400000739";"29";"04";"2024";"13:42";"1";"49";"49007";"2";"2";"1";"2";"RAMON BOULEVARD";"47,48708000";" -0,54000000"
"202400000740";"13";"08";"2024";"01:00";"5";"93";"93046";"2";"2";"1";"3";"Avenue Vauban / Boulevard Gutenberg";"48,91290000";"2,51840000"
"202400000741";"30";"04";"2024";"18:05";"1";"47";"47001";"2";"1";"1";"2";"LACOUR (BD EDOUARD)";"44,18911000";"0,63039000"
"202400000742";"13";"08";"2024";"18:35";"1";"93";"93029";"2";"1";"1";"3";"Avenue Sully";"48,93686549";"2,44777525"
"202400000743";"13";"08";"2024";"19:00";"1";"93";"93029";"2";"1";"1";"6";"Rue Anatole France";"48,92873856";"2,45264160"
"202400000744";"30";"04";"2024";"20:30";"1";"44";"44109";"2";"6";"1";"3";"11 Boulevard Général de Gaulle";"47,20679016";" -1,53951645"
"202400000745";"30";"04";"2024";"20:00";"1";"37";"37214";"2";"1";"1";"6";"BOCAGE (RUE DU)";"47,40835000";"0,67738000"
"202400000746";"13";"08";"2024";"18:15";"1";"93";"93027";"2";"6";"1";"3";"Avenue Jean Jaurès / Avenue Paul Vaillant-Couturier";"48,92101910";"2,41032074"
"202400000747";"30";"04";"2024";"08:45";"1";"37";"37122";"2";"6";"1";"1";"DOUZILLIERE (RUE DE LA)";"47,33551000";"0,65273000"
"202400000748";"28";"07";"2024";"09:45";"1";"93";"93008";"2";"1";"7";"6";"PROSPERITE (RUE DE LA)";"48,91314000";"2,42765300"
"202400000749";"30";"04";"2024";"21:40";"5";"36";"36044";"2";"1";"1";"3";"Boulevard Le Corbusier";"46,79428000";"1,70533000"
"202400000750";"13";"08";"2024";"13:12";"1";"92";"92078";"2";"8";"1";"3";"VERDUN (AVENUE) (IMPAIRS 1 A 25)";"48,93512931";"2,32879525"
"202400000751";"30";"04";"2024";"08:20";"1";"35";"35238";"1";"1";"1";"6";"PORTE DES LOGES";"48,09033378";" -1,62983090"
"202400000752";"2";"07";"2024";"18:30";"1";"92";"92062";"2";"2";"1";"3";"HUGO (RUE VICTOR)";"48,88345361";"2,23571717"
"202400000753";"30";"04";"2024";"18:30";"1";"33";"33065";"2";"3";"1";"5";"N/A";"44,81494000";" -0,52767000"
"202400000754";"13";"08";"2024";"18:20";"1";"92";"92026";"2";"1";"1";"6";"GAMBETTA";"48,89377000";"2,24865000"
"202400000755";"30";"04";"2024";"11:30";"1";"33";"33063";"2";"1";"1";"3";"N/A";"44,85897000";" -0,58949000"
"202400000756";"13";"08";"2024";"06:20";"2";"92";"92025";"2";"3";"1";"3";"PAUL BERT (RUE)";"48,92981000";"2,24604000"
"202400000757";"30";"04";"2024";"11:50";"1";"33";"33529";"2";"9";"1";"2";"N/A";"44,64673110";" -1,15777660"
"202400000758";"12";"08";"2024";"14:30";"1";"92";"92025";"2";"1";"1";"3";"CHARLES DE GAULLE (BD)";"48,91421662";"2,22957454"
"202400000759";"30";"04";"2024";"17:46";"1";"31";"31555";"2";"1";"1";"6";"ALL DE BELLEFONTAINE";"43,56463000";"1,40180000"
"202400000760";"12";"08";"2024";"14:30";"1";"60";"60533";"2";"1";"7";"3";"Rue de Gournay";"49,53145500";"2,73257600"
"202400000761";"29";"04";"2024";"02:20";"5";"31";"31555";"2";"9";"2";"2";"BD DE BONREPOS";"43,61358000";"1,45082000"
"202400000762";"14";"08";"2024";"09:00";"1";"34";"34276";"1";"2";"1";"2";"D1";"43,77629200";"3,86281000"
"202400000763";"13";"08";"2024";"16:40";"1";"02";"02615";"1";"1";"1";"6";"N/A";"49,90834500";"3,24329500"
"202400000764";"30";"04";"2024";"11:20";"1";"27";"27229";"2";"1";"1";"6";"MENDES FRANCE (RUE PIERRE)";"49,03290000";"1,15522000"
"202400000765";"30";"04";"2024";"16:10";"1";"25";"25204";"1";"2";"1";"2";"Grande rue";"46,93130000";"6,36046000"
"202400000766";"13";"08";"2024";"23:00";"3";"06";"06161";"2";"1";"1";"3";"2520 route nationale 7";"43,62724030";"7,13262390"
"202400000767";"29";"04";"2024";"14:50";"1";"25";"25462";"2";"3";"1";"6";"SAINT ETIENNE FAUBOURG";"46,90177000";"6,35986000"
"202400000768";"10";"08";"2024";"13:00";"1";"974";"97410";"1";"1";"1";"1";"N 3 Pont Payet";" -21,09570000";"55,67804000"
"202400000769";"30";"04";"2024";"12:25";"1";"25";"25056";"2";"1";"1";"6";"STRASBOURG QUAI DE";"47,24246000";"6,02342400"
"202400000770";"12";"08";"2024";"13:50";"1";"62";"62405";"2";"3";"1";"1";"D43";"50,29028900";"2,95898900"
"202400000771";"13";"08";"2024";"11:20";"1";"19";"19269";"2";"1";"1";"6";"Rue Ignace Dumergue";"45,53923000";"1,79438200"
"202400000772";"30";"04";"2024";"14:21";"1";"25";"25056";"2";"1";"1";"7";"LAGRANGE  AVENUE LEO";"47,24411000";"6,00480000"
"202400000773";"14";"08";"2024";"11:15";"1";"76";"76377";"2";"3";"1";"6";"Route de Neufchatel";"49,48855000";"1,14028700"
"202400000774";"30";"04";"2024";"08:55";"1";"22";"22278";"2";"6";"1";"2";"71° RI (DU)";"48,51096000";" -2,75086000"
"202400000775";"13";"08";"2024";"06:50";"2";"82";"82030";"1";"1";"1";"6";"Route de Belleperche";"44,00564500";"1,09435700"
"202400000776";"27";"02";"2024";"02:05";"5";"21";"21231";"2";"3";"1";"3";"MAYENCE (DE) (RUE)";"47,34087500";"5,06274100"
"202400000777";"13";"08";"2024";"15:00";"1";"82";"82195";"1";"1";"1";"1";"514 Route de Bordeaux";"44,06339800";"1,28788900"
"202400000778";"9";"07";"2024";"17:10";"1";"69";"69084";"1";"2";"1";"3";"Route des Déduits";"46,18339600";"4,70508800"
"202400000779";"29";"04";"2024";"16:35";"1";"19";"19031";"2";"6";"1";"3";"CHAUMEIL (RUE PIERRE)";"45,15648000";"1,50431000"
"202400000780";"13";"08";"2024";"11:50";"1";"32";"32384";"1";"1";"1";"6";"D930";"43,73478200";"0,49166500"
"202400000781";"30";"04";"2024";"14:30";"1";"17";"17306";"2";"6";"1";"3";"ROCHEFORT (DE)  (AVENUE)";"45,64891300";" -1,02450300"
"202400000782";"14";"08";"2024";"12:00";"1";"12";"12133";"2";"6";"2";"6";"2 Avenue de Toulouse";"44,29251600";"2,55938500"
"202400000783";"30";"04";"2024";"09:25";"1";"17";"17306";"2";"1";"1";"6";"PONTAILLAC (DE) (AVENUE)";"45,62828400";" -1,05290300"
"202400000784";"30";"04";"2024";"14:35";"1";"14";"14366";"2";"1";"1";"7";"84 Rue Henry Chéron";"49,14493500";"0,22305100"
"202400000785";"13";"08";"2024";"17:00";"1";"46";"46073";"1";"1";"1";"1";"D911";"44,40243280";"1,62032418"
"202400000786";"30";"04";"2024";"19:05";"1";"13";"13211";"2";"3";"1";"3";"SAINT MARCEL (BOULEVARD DE )";"43,28390000";"5,46670000"
"202400000787";"14";"08";"2024";"12:00";"1";"47";"47185";"1";"1";"2";"7";"Route de Tournon";"44,45212500";"0,96457600"
"202400000788";"30";"04";"2024";"20:15";"1";"13";"13216";"2";"1";"1";"2";"LA PELOUQUE (CHEMIN)";"43,36259000";"5,33607000"
"202400000789";"12";"08";"2024";"14:59";"1";"47";"47106";"2";"6";"1";"3";"Avenue Léon Blum";"44,49349800";"0,94779100"
"202400000790";"30";"04";"2024";"16:00";"1";"13";"13213";"2";"2";"1";"3";"Rue louis leprince ringuet";"43,34431386";"5,44326097"
"202400000791";"30";"04";"2024";"07:06";"1";"13";"13211";"2";"3";"1";"5";"AUDIENCE (RUE DE L')";"43,29607000";"5,48649000"
"202400000792";"13";"08";"2024";"06:45";"2";"86";"86064";"2";"1";"2";"3";"Rue de l'Arboretum";"46,26079500";"0,43005200"
"202400000793";"13";"08";"2024";"15:51";"1";"34";"34293";"1";"1";"1";"6";"RD 907";"43,59111500";"2,70043700"
"202400000794";"30";"04";"2024";"17:30";"1";"13";"13047";"2";"3";"1";"3";"FLORE AVENUE DE LA";"43,50618000";"4,96915000"
"202400000795";"30";"04";"2024";"13:25";"1";"13";"13001";"2";"1";"1";"1";"CLUB HIPPIQUE (AV)";"43,51423000";"5,43151000"
"202400000796";"10";"08";"2024";"20:20";"1";"39";"39128";"2";"6";"1";"3";"29 Route d’Asnans";"46,95879100";"5,40596700"
"202400000797";"30";"04";"2024";"13:30";"1";"11";"11069";"2";"1";"1";"7";"21 Boulevard de Varsovie";"43,21410000";"2,34710000"
"202400000798";"14";"08";"2024";"15:15";"1";"38";"38444";"2";"1";"1";"1";"Montee des Egats";"44,87511000";"5,82402000"
"202400000799";"29";"04";"2024";"16:30";"1";"11";"11069";"2";"2";"2";"3";"34 Avenue du Général Leclerc";"43,21010000";"2,36448000"
"202400000800";"13";"08";"2024";"11:00";"1";"05";"05046";"1";"1";"1";"6";"Avenue du Lac";"44,55173400";"6,48395600"
"202400000801";"29";"04";"2024";"13:20";"1";"11";"11069";"1";"4";"3";"3";"ROCADE SUD RD 6161";"43,20419000";"2,38646000"
"202400000802";"14";"08";"2024";"15:45";"1";"64";"64436";"2";"4";"2";"3";"Gaharduko errepidea";"43,23978300";" -1,29670900"
"202400000803";"19";"04";"2024";"20:10";"1";"10";"10333";"2";"6";"1";"7";"CHARLES DE REFUGE (RUE)";"48,28000000";"4,05000000"
"202400000804";"13";"08";"2024";"15:45";"1";"10";"10423";"2";"1";"7";"1";"Route Departementale 619";"48,23819900";"4,38324300"
"202400000805";"29";"04";"2024";"08:30";"1";"06";"06069";"2";"1";"1";"3";"77 Chemin des Basses Moulières";"43,63297000";"6,91754000"
"202400000806";"13";"08";"2024";"21:55";"3";"07";"07009";"1";"1";"6";"6";"D86";"45,23250000";"4,79973800"
"202400000807";"27";"04";"2024";"19:10";"1";"02";"02722";"2";"6";"2";"3";"N/A";"49,37077000";"3,32327000"
"202400000808";"13";"08";"2024";"21:00";"2";"24";"24520";"1";"1";"1";"6";"D704";"44,90171200";"1,19785300"
"202400000809";"30";"04";"2024";"13:20";"1";"01";"01053";"2";"2";"8";"3";"JOLIOT CURIE ( BOULEVARD IRENE COTE IMPA";"46,20966500";"5,23012500"
"202400000810";"10";"08";"2024";"04:55";"3";"04";"04001";"1";"1";"1";"2";"RN85";"44,06207900";"6,16821200"
"202400000811";"30";"04";"2024";"16:10";"1";"75";"75112";"2";"1";"1";"3";"ECHANGEUR BERCY";"48,82764600";"2,39365300"
"202400000812";"30";"04";"2024";"14:00";"1";"75";"75116";"2";"1";"1";"3";"BD PERIPHERIQUE EXTERIEUR";"48,87388971";"2,27520669"
"202400000813";"14";"08";"2024";"04:30";"3";"17";"17101";"1";"1";"1";"7";"D221";"45,95797500";" -0,35056500"
"202400000814";"30";"04";"2024";"04:30";"5";"75";"75112";"2";"1";"1";"3";"BD PERIPHERIQUE EXTERIEUR";"48,82781600";"2,39498400"
"202400000815";"30";"04";"2024";"01:50";"5";"75";"75105";"2";"3";"1";"3";"RUE MONGE";"48,84165500";"2,35198100"
"202400000816";"13";"08";"2024";"13:50";"1";"48";"48051";"1";"1";"1";"3";"RN106 - PK 003";"44,24587500";"3,94784700"
"202400000817";"30";"04";"2024";"17:03";"1";"75";"75120";"2";"3";"1";"6";"AVENUE GAMBETTA";"48,86497600";"2,39735300"
"202400000818";"14";"08";"2024";"10:50";"1";"06";"06152";"1";"1";"1";"6";"447 Route d’Antibes";"43,62379800";"7,00419600"
"202400000819";"30";"04";"2024";"08:20";"1";"75";"75120";"2";"2";"2";"3";"BOULEVARD DAVOUT";"48,85349300";"2,41059200"
"202400000820";"14";"08";"2024";"01:00";"3";"60";"60533";"1";"1";"1";"2";"A1";"49,54042885";"2,72695684"
"202400000821";"30";"04";"2024";"08:29";"1";"75";"75120";"2";"2";"8";"3";"BOULEVARD DE CHARONNE";"48,84887700";"2,39941800"
"202400000822";"13";"08";"2024";"12:45";"1";"974";"97408";"2";"1";"1";"2";"Rue Leconte de Lisle";" -20,93713700";"55,33254500"
"202400000823";"30";"04";"2024";"19:50";"1";"75";"75115";"2";"2";"1";"1";"AVENUE DE LA PORTE BRANCION";"48,82849300";"2,30137000"
"202400000824";"30";"07";"2024";"19:00";"5";"971";"97114";"2";"1";"1";"3";"Rue de l'hermitage - D43";"16,13402900";" -61,57782200"
"202400000825";"29";"04";"2024";"10:55";"1";"75";"75114";"2";"3";"1";"6";"AVENUE DU GENERAL LECLERC";"48,83308000";"2,33152000"
"202400000826";"11";"08";"2024";"20:30";"1";"34";"34145";"1";"2";"1";"1";"D61";"43,66887300";"4,14340100"
"202400000827";"27";"06";"2024";"17:30";"1";"34";"34145";"2";"1";"1";"3";"Avenue du General de Gaulle";"43,67983000";"4,14458200"
"202400000828";"29";"04";"2024";"19:35";"1";"75";"75112";"2";"3";"1";"3";"BOULEVARD DIDEROT";"48,84763000";"2,38905300"
"202400000829";"14";"08";"2024";"16:00";"1";"83";"83047";"2";"1";"1";"3";"1003 Chemin des Banons";"43,12537800";"6,05930900"
"202400000830";"14";"08";"2024";"00:20";"3";"54";"54186";"1";"6";"1";"7";"D83C";"48,73987500";"6,22342800"
"202400000831";"29";"04";"2024";"22:58";"5";"75";"75108";"2";"3";"1";"3";"BOULEVARD HAUSSMANN";"48,87376681";"2,32704699"
"202400000832";"14";"08";"2024";"15:43";"1";"03";"03200";"1";"1";"1";"6";"RD 13 - PK 2+0000 - Route de Montilly";"46,57430200";"3,30440100"
"202400000833";"29";"04";"2024";"13:30";"1";"75";"75103";"2";"2";"1";"6";"RUE REAUMUR";"48,86598800";"2,35377600"
"202400000834";"13";"08";"2024";"18:19";"1";"63";"63417";"1";"1";"1";"1";"cd943";"45,82810307";"3,04668674"
"202400000835";"27";"04";"2024";"20:40";"2";"94";"94015";"2";"2";"2";"3";"Boulevard Georges Méliès / Boulevard Pasteur";"48,83249000";"2,53110000"
"202400000836";"12";"08";"2024";"11:30";"1";"38";"38545";"2";"1";"1";"2";"D1075";"45,04807600";"5,66830200"
"202400000837";"30";"04";"2024";"20:20";"1";"94";"94038";"2";"1";"1";"1";"Rue Paul Hochart";"48,77799877";"2,36326084"
"202400000838";"14";"08";"2024";"15:20";"1";"07";"07324";"2";"1";"1";"6";"Quai Farconnet";"45,06876600";"4,83059400"
"202400000839";"30";"04";"2024";"18:15";"1";"94";"94022";"2";"3";"1";"3";"Avenue Léon Gourdault / Avenue du Général Leclerc";"48,76241860";"2,40664691"
"202400000840";"12";"08";"2024";"11:35";"1";"69";"69028";"2";"1";"1";"1";"139 Chemin du Devay";"45,72093400";"4,70346200"
"202400000841";"30";"04";"2024";"16:20";"1";"94";"94069";"2";"5";"1";"3";"Rue du Maréchal Leclerc / Rue du Val d'Osne";"48,81809000";"2,42438000"
"202400000842";"14";"08";"2024";"18:30";"1";"81";"81251";"1";"1";"2";"6";"Route de la Gare";"43,54813600";"2,08384000"
"202400000843";"30";"07";"2024";"08:30";"1";"79";"79020";"1";"2";"1";"3";"N/A";"46,43123900";" -0,30964500"
"202400000844";"24";"04";"2024";"07:55";"1";"94";"94017";"2";"2";"1";"3";"Voie Sonia Delaunay / Rue Rose";"48,81217670";"2,53400919"