"Num_Acc";"jour";"mois";"an";"hrmn";"lum";"dep";"com";"agg";"int";"atm";"col";"adr";"lat";"long"
"202400000845";"13";"08";"2024";"22:13";"3";"40";"40184";"1";"1";"1";"6";"Route de Lespecier";"44,17931261";" -1,28807112"
"202400000846";"11";"08";"2024";"11:20";"1";"33";"33238";"1";"1";"1";"7";"N/A";"44,72816800";" -0,62177900"
"202400000847";"26";"04";"2024";"18:35";"1";"94";"94002";"2";"2";"1";"6";"Rue Charles de Gaulle / Quai Blanqui";"48,81451430";"2,41217530"
"202400000848";"13";"08";"2024";"12:40";"1";"33";"33159";"1";"1";"1";"7";"N/A";"45,21836200";" -0,58045100"
"202400000849";"1";"08";"2024";"18:30";"1";"33";"33449";"2";"2";"1";"3";"N/A";"44,89589800";" -0,73565500"
"202400000850";"22";"07";"2024";"16:45";"1";"49";"49298";"2";"6";"1";"3";"route nationale";"47,45490300";" -0,66581000"
"202400000851";"14";"08";"2024";"08:10";"1";"14";"14488";"2";"3";"1";"2";"153 Avenue du Grand Large";"49,27334200";" -0,25406400"
"202400000852";"14";"08";"2024";"03:45";"3";"56";"56241";"1";"9";"1";"6";"fontenego";"47,34162900";" -3,21621500"
"202400000853";"9";"08";"2024";"17:25";"1";"22";"22178";"1";"1";"1";"1";"D79 lieu dit la justice";"48,68563400";" -2,99993300"
"202400000854";"12";"08";"2024";"17:20";"1";"13";"13214";"1";"1";"1";"2";"A507 sens Marseille - Aubagne";"43,33439187";"5,38303265"
"202400000855";"12";"08";"2024";"11:10";"1";"69";"69290";"1";"1";"1";"4";"Autoroute 43 ";"45,69805000";"4,97661000"
"202400000856";"12";"08";"2024";"17:20";"1";"33";"33318";"1";"1";"1";"6";"N/A";"44,78506000";" -0,62953000"
"202400000857";"8";"08";"2024";"08:05";"1";"33";"33013";"1";"1";"1";"3";"N/A";"44,86870000";" -0,49855900"
"202400000858";"13";"08";"2024";"12:20";"1";"75";"75113";"1";"1";"1";"6";"A6B";"48,81636547";"2,35978336"
"202400000859";"12";"08";"2024";"20:30";"1";"91";"91136";"1";"1";"1";"6";"A10 PROVINCE / RD188 PARIS";"48,71515000";"2,26842000"
"202400000860";"13";"08";"2024";"12:54";"1";"93";"93051";"1";"1";"1";"2";"A4";"48,83550949";"2,56930730"
"202400000861";"13";"08";"2024";"11:30";"1";"77";"77450";"1";"1";"1";"7";"RN104";"48,71398100";"2,59971900"
"202400000862";"12";"08";"2024";"18:20";"1";"94";"94069";"1";"1";"1";"4";"A4";"48,81687460";"2,44756528"
"202400000863";"12";"08";"2024";"15:40";"1";"94";"94074";"1";"1";"1";"6";"N406";"48,76893701";"2,45045185"
"202400000864";"12";"08";"2024";"09:18";"1";"94";"94081";"1";"1";"1";"6";"A86";"48,77525185";"2,41208883"
"202400000865";"12";"08";"2024";"08:15";"1";"77";"77146";"1";"1";"1";"6";"A4.Y";"48,83168000";"2,64756400"
"202400000866";"3";"04";"2024";"14:45";"1";"35";"35288";"2";"2";"1";"3";"N/A";"48,64632100";" -1,98863300"
"202400000867";"17";"08";"2024";"16:35";"1";"988";"98818";"2";"2";"1";"3";"RUE DE METZ/RUE DE MAUBEUGE";" -22,27744000";"166,44986000"
"202400000868";"12";"08";"2024";"11:45";"1";"974";"97416";"2";"1";"1";"6";"POUDRIERE(RUE DE LA)";" -21,33310000";"55,45728000"
"202400000869";"11";"08";"2024";"00:05";"5";"974";"97416";"2";"2";"1";"3";"BONS ENFANTS (RUE DES)";" -21,34019000";"55,47539000"
"202400000870";"12";"08";"2024";"16:30";"1";"973";"97302";"2";"1";"1";"6";"LALLOUETTE";"4,93976748";" -52,33316392"
"202400000871";"12";"08";"2024";"09:20";"1";"973";"97302";"2";"1";"1";"3";"BADUEL (ROUTE DE)";"4,93084000";" -52,30567000"
"202400000872";"12";"08";"2024";"08:50";"1";"973";"97302";"2";"3";"1";"3";"CABASSOU (ROUTE DE)";"4,91994339";" -52,31957486"
"202400000873";"6";"08";"2024";"20:40";"5";"972";"97213";"1";"1";"1";"5";"AUTOROUTE A1";"14,61806000";" -61,03440000"
"202400000874";"11";"08";"2024";"10:10";"1";"972";"97209";"2";"1";"1";"2";"GENERAL DE GAULLE (BLD DU)";"14,60773500";" -61,07045200"
"202400000875";"12";"08";"2024";"03:30";"5";"69";"69381";"2";"1";"1";"6";"Quai André Lassagne";"45,77127000";"4,83826000"
"202400000876";"12";"08";"2024";"15:15";"1";101;101004";"1";"1";"1";"4";"T21";"41,92748000";"8,77694000"
"202400000877";"12";"08";"2024";"13:58";"1";"91";"91434";"2";"2";"1";"6";"DOCTEUR ROUX (PAIRS DU 2 AU 14)  (AVENUE";"48,65524000";"2,34726000"
"202400000878";"9";"08";"2024";"20:05";"1";"89";"89024";"1";"1";"1";"1";"NEUVE (RUE)";"47,82331000";"3,60518000"
"202400000879";"7";"08";"2024";"16:30";"1";"30";"30351";"2";"6";"1";"6";"GENERAL LECLERC AVENUE DU";"43,95830000";"4,77630000"
"202400000880";"7";"08";"2024";"12:00";"1";"84";"84007";"2";"2";"1";"3";"AULNES(Avenue des)-MONTFAVET";"43,94320000";"4,86570000"
"202400000881";"7";"08";"2024";"08:45";"1";"30";"30351";"2";"3";"1";"3";"PERI AVENUE GABRIEL";"43,95540000";"4,79210000"
"202400000882";"11";"08";"2024";"18:30";"1";"83";"83061";"1";"1";"1";"1";"N7";"43,48452255";"6,77726340"
"202400000883";"11";"08";"2024";"19:10";"1";"80";"80021";"2";"1";"1";"6";"GEORGES GUYNEMER (RUE)";"49,91123000";"2,30058000"
"202400000884";"12";"08";"2024";"14:25";"1";"78";"78551";"2";"1";"1";"3";"ARMAGIS";"48,89723000";"2,08535000"
"202400000885";"4";"08";"2024";"20:30";"1";"77";"77083";"2";"1";"1";"6";"GARENNE (RUE DE LA)";"48,85176000";"2,59843000"
"202400000886";"12";"08";"2024";"13:30";"1";"76";"76322";"2";"1";"7";"6";"Rue Antoine Laurent de Lavoisier (Parking)";"49,41938000";"1,04434000"
"202400000887";"26";"07";"2024";"09:10";"1";"76";"76351";"2";"2";"1";"6";"Rue des Peupliers";"49,50655400";"0,14829220"
"202400000888";"12";"08";"2024";"18:30";"1";"69";"69290";"2";"6";"1";"2";"Avenue C Cité Berliet";"45,70418000";"4,90349000"
"202400000889";"12";"08";"2024";"11:40";"1";"69";"69290";"2";"3";"1";"3";"Chemin du Lortaret";"45,71251000";"4,95589000"
"202400000890";"12";"08";"2024";"19:10";"1";"67";"67482";"2";"3";"1";"3";"CICERON (RUE)";"48,58251000";"7,70344000"
"202400000891";"11";"08";"2024";"01:08";"5";"67";"67462";"2";"1";"1";"6";"STRASBOURG (ROUTE DE)";"48,26320000";"7,44983000"
"202400000892";"12";"08";"2024";"20:25";"1";"64";"64483";"2";"1";"1";"6";"SAINT PEE (VIEILLE ROUTE DE)";"43,38849000";" -1,64824000"
"202400000893";"12";"08";"2024";"23:45";"5";"64";"64102";"2";"1";"2";"7";"AVRIL (AVENUE DU 14)";"43,50351000";" -1,46750000"
"202400000894";"12";"08";"2024";"11:20";"1";"64";"64102";"2";"1";"1";"7";"TOMBELOLI (RUE)";"43,49648000";" -1,46913000"
"202400000895";"12";"08";"2024";"09:49";"1";"61";"61001";"2";"2";"1";"6";"D438";"48,42480300";"0,09114000"
"202400000896";"12";"08";"2024";"12:10";"1";"59";"59599";"2";"2";"1";"3";"COLBERT (RUE)";"50,73465500";"3,18537900"
"202400000897";"12";"08";"2024";"01:30";"5";"59";"59512";"2";"2";"1";"3";"VIVIER (RUE DU)";"50,69111000";"3,16023000"
"202400000898";"11";"08";"2024";"02:07";"4";"56";"56036";"1";"1";"1";"6";"Pendreff";"47,77447000";" -3,36798000"
"202400000899";"11";"08";"2024";"14:00";"1";"56";"56162";"2";"6";"7";"3";"Rue des Plages";"47,73246000";" -3,43109000"
"202400000900";"11";"08";"2024";"14:35";"1";"54";"54395";"2";"1";"1";"3";"Place de la Carriere";"48,69652000";"6,18110000"
"202400000901";"11";"08";"2024";"19:30";"1";"51";"51454";"2";"1";"1";"6";"EPERNAY (AVENUE D') COTE PAIR";"49,24650300";"4,01235500"
"202400000902";"11";"08";"2024";"17:10";"1";"51";"51454";"2";"1";"1";"3";"FOCH (BOULEVARD)";"49,25944000";"4,02860200"
"202400000903";"10";"08";"2024";"17:50";"1";"51";"51454";"2";"6";"1";"3";"JACOB (RUE FREDERIC) LA NEUVILLETTE";"49,28190000";"4,01174000"
"202400000904";"12";"08";"2024";"16:00";"1";"35";"35238";"2";"1";"1";"6";"GERMAIN (GABRIEL)";"48,13241000";" -1,69933000"
"202400000905";"7";"08";"2024";"11:25";"1";"33";"33550";"2";"3";"1";"3";"N/A";"44,79272600";" -0,56731600"
"202400000906";"12";"08";"2024";"20:00";"1";"33";"33529";"2";"1";"1";"3";"N/A";"44,64102000";" -1,15592600"
"202400000907";"11";"08";"2024";"22:20";"4";"29";"29039";"2";"1";"1";"3";"avenue de la gare";"47,87554500";" -3,91921700"
"202400000908";"12";"08";"2024";"17:50";"1";"29";"29019";"2";"1";"1";"4";"rue de l'Harteloire";"48,39390100";" -4,49289700"
"202400000909";"12";"08";"2024";"00:08";"5";"27";"27375";"2";"1";"1";"6";"AMOUREUX (AVENUE DES)";"49,21414000";"1,15836000"
"202400000910";"12";"08";"2024";"10:15";"1";"26";"26198";"1";"1";"1";"1";"Chemin de Colas";"44,52535437";"4,77778673"
"202400000911";"12";"08";"2024";"20:00";"1";"22";"22187";"1";"9";"1";"6";"RUE DE LA CROIX LORMEL";"48,53384000";" -2,74633000"
"202400000912";"12";"08";"2024";"19:00";"1";"14";"14220";"2";"1";"1";"3";"71 Rue Désiré le Hoc";"49,35961000";"0,07498000"
"202400000913";"11";"08";"2024";"01:00";"4";"14";"14715";"2";"1";"1";"6";"Rue Berthier";"49,36430000";"0,08671000"
"202400000914";"12";"08";"2024";"22:15";"5";"13";"13208";"2";"1";"1";"3";"MENDES FRANCE (AVENUE)";"43,25594000";"5,37658000"
"202400000915";"11";"08";"2024";"12:55";"1";"13";"13213";"2";"1";"1";"1";"OLIVES (AVENUE DES)";"43,32357000";"5,45035000"
"202400000916";"11";"08";"2024";"03:14";"5";"13";"13207";"2";"9";"1";"1";"Corniche John Fitzgérald Kennedy";"43,28475000";"5,35001000"
"202400000917";"7";"08";"2024";"16:00";"1";"13";"13001";"2";"1";"1";"3";"BELGES (AV DES)";"43,52474830";"5,44378624"
"202400000918";"10";"08";"2024";"18:25";"1";"07";"07316";"2";"1";"1";"7";"RUISSEAU (CHEMIN DU)";"44,91739000";"4,86017000"
"202400000919";"8";"07";"2024";"17:34";"1";"94";"94028";"1";"1";"1";"2";"Imp Louis Pasteur Vallery Radot";"48,78707000";"2,44233000"
"202400000920";"10";"07";"2024";"10:45";"1";"93";"93066";"2";"3";"8";"3";"PONT SAINT LAZARE (RUE)";"48,94368000";"2,34752000"
"202400000921";"10";"07";"2024";"00:25";"5";"93";"93051";"2";"6";"1";"2";"Place Neptune / Boulevard du Levant / Avenue du Pave Neuf";"48,84029000";"2,55091000"
"202400000922";"10";"07";"2024";"14:45";"1";"93";"93029";"2";"1";"1";"3";"Avenue Henri Barbusse";"48,92034967";"2,45241374"
"202400000923";"9";"07";"2024";"18:20";"1";"93";"93008";"2";"1";"1";"2";"Avenue Henri Barbusse";"48,90591000";"2,42223000"
"202400000924";"9";"07";"2024";"09:30";"1";"93";"93005";"2";"1";"1";"6";"QUATORZE JUILLET (AVENUE DU)";"48,92909880";"2,49526504"
"202400000925";"9";"07";"2024";"15:38";"1";"92";"92076";"2";"1";"2";"6";"FOCH";"48,84496427";"2,15274007"
"202400000926";"9";"07";"2024";"23:00";"5";"92";"92050";"2";"1";"1";"7";"PICASSO PABLO AVENUE";"48,88843527";"2,22535372"
"202400000927";"8";"07";"2024";"23:15";"5";"92";"92024";"2";"2";"1";"1";"CLICHY (QUAI DE) DE (104 A 202)";"48,90850924";"2,30011600"
"202400000928";"10";"07";"2024";"20:10";"1";"92";"92012";"2";"1";"1";"3";"JEAN JAURES (BOULEVARD) 217/FIN - 210/FI";"48,82981565";"2,24567413"
"202400000929";"10";"07";"2024";"12:40";"1";"92";"92012";"2";"1";"1";"3";"DOME (RUE DU)";"48,83270401";"2,25017416"
"202400000930";"9";"07";"2024";"07:10";"1";"92";"92007";"2";"6";"1";"6";"CROIZAT (ROND-POINT AMBROISE)";"48,79703810";"2,29930446"
"202400000931";"10";"07";"2024";"20:00";"1";"92";"92002";"2";"3";"1";"3";"GENERAL DE GAULLE (AVENUE DU)";"48,76306769";"2,30557770"
"202400000932";"11";"07";"2024";"16:45";"1";"60";"60232";"1";"2";"1";"3";"D 929";"49,58806900";"2,50784400"
"202400000933";"11";"07";"2024";"04:40";"3";"60";"60102";"1";"6";"1";"6";"Rue du Corroy";"49,30209700";"2,55884900"
"202400000934";"9";"07";"2024";"20:30";"1";"63";"63026";"1";"1";"1";"7";"D213";"45,66086200";"3,04006900"
"202400000935";"10";"07";"2024";"16:00";"1";"51";"51433";"1";"1";"1";"7";"D58";"48,73638000";"4,67399600"
"202400000936";"10";"07";"2024";"22:30";"2";"85";"85290";"1";"1";"1";"7";"D8";"46,55294000";" -1,01978700"
"202400000937";"10";"07";"2024";"17:08";"1";"12";"12098";"2";"3";"7";"6";"D22";"44,55344900";"2,67182600"
"202400000938";"11";"07";"2024";"05:45";"2";"71";"71170";"1";"1";"1";"6";"autoroute A6 PK318.450 sens Lyon Paris";"46,90028824";"4,82249644"
"202400000939";"11";"02";"2024";"12:35";"1";"87";"87085";"2";"1";"2";"7";"ROUSSILLON (AVENUE DU)";"45,81982000";"1,22359000"
"202400000940";"7";"02";"2024";"15:12";"1";"87";"87085";"2";"1";"5";"7";"FITZ JAMES (RUE)";"45,83245000";"1,25923000"
"202400000941";"10";"02";"2024";"17:55";"2";"85";"85194";"2";"6";"2";"2";"RUE SIMONE VEIL";"46,49982000";" -1,75642000"
"202400000942";"11";"02";"2024";"16:30";"1";"84";"84007";"2";"3";"1";"6";"SAINT ROCH (Boulevard)";"43,94282000";"4,80538000"
"202400000943";"10";"02";"2024";"18:00";"3";"84";"84007";"1";"1";"2";"4";"MARSEILLE (Route de )";"43,89048000";"4,91150000"
"202400000944";"11";"02";"2024";"02:21";"3";"82";"82033";"1";"1";"6";"6";"Route de Montauban";"44,03410000";"1,17375000"
"202400000945";"10";"02";"2024";"11:30";"1";"76";"76351";"2";"1";"1";"7";"MARECHAL JOFFRE (RUE)";"49,49998568";"0,12858241"
"202400000946";"11";"02";"2024";"20:55";"5";"76";"76351";"2";"1";"1";"2";"ARISTIDE BRIAND";"49,50040000";"0,13820000"
"202400000947";"11";"02";"2024";"16:10";"1";"76";"76351";"1";"1";"1";"2";"RD 6015";"49,50210000";"0,18879000"
"202400000948";"10";"02";"2024";"11:15";"1";"76";"76351";"2";"2";"2";"3";"THIRE ET BONFAIT (AV.)";"49,50749000";"0,15405000"
"202400000949";"12";"02";"2024";"19:30";"5";"70";"70513";"2";"3";"2";"3";"Avenue des Rives du Lac";"47,62850000";"6,12880000"
"202400000950";"12";"02";"2024";"17:00";"1";"69";"69266";"2";"2";"1";"3";"Rue Jean Bertin";"45,76049328";"4,92047029"
"202400000951";"12";"02";"2024";"17:15";"1";"64";"64122";"2";"1";"1";"2";"N/A";"43,47710000";" -1,54480000"
"202400000952";"11";"02";"2024";"19:09";"5";"64";"64102";"2";"1";"1";"2";"CAMILLE (AVENUE DELVAILLE)";"43,50647000";" -1,48559000"
"202400000953";"8";"02";"2024";"18:05";"5";"61";"61169";"2";"1";"3";"6";"D424";"48,75037800";" -0,56317800"
"202400000954";"11";"02";"2024";"21:20";"5";"59";"59163";"2";"1";"1";" -1";"SANGNIER (RUE MARC)";"50,68459000";"3,15023000"
"202400000955";"10";"02";"2024";"18:30";"5";"59";"59574";"2";"1";"2";"6";"WILSON(RUE)";"50,34812000";"3,28102000"
"202400000956";"7";"02";"2024";"08:00";"1";"55";"55029";"2";"1";"1";"6";"MARECHALE ( RUE DE LA )";"48,76971000";"5,16390000"
"202400000957";"12";"02";"2024";"16:47";"1";"51";"51454";"2";"1";"1";"4";"CHAMPAGNE   (  AVENUE DE)";"49,22678100";"4,02843800"
"202400000958";"12";"02";"2024";"07:36";"5";"49";"49007";"2";"6";"2";"3";"PAPIN";"47,46520000";" -0,55715000"
"202400000959";"12";"02";"2024";"07:34";"5";"45";"45147";"1";"1";"1";"6";"231 Rue des Fosses";"47,93900800";"1,93031900"
"202400000960";"12";"02";"2024";"18:00";"5";"37";"37261";"2";"1";"1";"2";"WAGNER (BOULEVARD RICHARD)";"47,37414000";"0,70052000"
"202400000961";"12";"02";"2024";"19:00";"5";"34";"34172";"2";"1";"2";"6";"DEZEUZE (RUE FRANCOIS)";"43,60867000";"3,84566000"
"202400000962";"12";"02";"2024";"09:30";"1";"33";"33281";"2";"3";"8";"1";"N/A";"44,83769000";" -0,66730000"
"202400000963";"11";"02";"2024";"18:30";"2";"33";"33318";"2";"6";"1";"6";"N/A";"44,78999200";" -0,63476700"
"202400000964";"12";"02";"2024";"18:30";"5";"25";"25056";"2";"1";"1";"3";"ILE DE FRANCE AVENUE DE L'";"47,22137200";"5,96733500"
"202400000965";"11";"02";"2024";"03:19";"3";"15";"15014";"1";"1";"3";"6";"RD 35";"44,94274000";"2,44841000"
"202400000966";"11";"02";"2024";"06:20";"3";"14";"14243";"1";"1";"2";"6";"870 Chemin de la Butte";"49,39776000";"0,21438000"
"202400000967";"11";"02";"2024";"17:45";"1";"14";"14118";"2";"1";"2";"7";"81 Boulevard Leroy";"49,17294000";" -0,34456000"
"202400000968";"12";"02";"2024";"18:25";"5";"13";"13212";"2";"1";"1";"3";"KADDOUZ (CHEMIN)";"43,31900000";"5,43937000"
"202400000969";"12";"02";"2024";"18:30";"2";"13";"13001";"2";"6";"1";"3";"HUIT MAI (AV DU)";"43,52194000";"5,43262000"
"202400000970";"11";"02";"2024";"19:30";"3";"12";"12145";"1";"1";"2";"1";"CAVALERIE (COTE DE LA )";"44,08831918";"3,08824664"
"202400000971";"8";"02";"2024";"17:00";"1";"06";"06083";"2";"1";"1";"2";"31 Avenue de Verdun";"43,77464700";"7,49623600"
"202400000972";"12";"02";"2024";"21:15";"5";"06";"06069";"2";"9";"1";"3";"Route de Draguignan";"43,64108000";"6,90849000"
"202400000973";"10";"02";"2024";"20:45";"5";"75";"75117";"2";"1";"1";"1";"ECHANGEUR MAILLOT";"48,88191100";"2,28272700"
"202400000974";"12";"02";"2024";"19:00";"5";"75";"75117";"2";"3";"1";"6";"RUE DE SAUSSURE";"48,88875700";"2,30887500"
"202400000975";"12";"02";"2024";"12:20";"1";"75";"75117";"2";"4";"1";"7";"AVENUE DE VILLIERS";"48,88443300";"2,30126100"
"202400000976";"12";"02";"2024";"20:00";"5";"75";"75115";"2";"1";"1";"7";"RUE DE LA CONVENTION";"48,84245700";"2,28491800"
"202400000977";"12";"02";"2024";"08:55";"1";"75";"75110";"2";"2";"1";"6";"RUE DU FAUBOURG SAINT MARTIN";"48,88109200";"2,36514500"
"202400000978";"12";"02";"2024";"10:00";"1";"75";"75104";"2";"1";"1";"3";"RUE SAINT LOUIS EN L ILE";"48,85071900";"2,35965900"
"202400000979";"12";"02";"2024";"11:25";"1";"93";"93046";"2";"1";"1";"1";"Boulevard Robert Schuman";"48,92748000";"2,54797000"
"202400000980";"11";"02";"2024";"02:00";"5";"93";"93063";"2";"1";"2";"1";"Rue des Noyers";"48,87727300";"2,43711000"
"202400000981";"12";"02";"2024";"18:40";"5";"93";"93079";"2";"3";"1";"6";"Route de Saint-Leu / Avenue Jean-Baptiste Clément";"48,95297600";"2,33692600"
"202400000982";"12";"02";"2024";"19:05";"5";"93";"93014";"2";"3";"1";"3";"Allée de Gagny / Allée Henri Barbusse";"48,90649000";"2,54936000"
"202400000983";"11";"02";"2024";"23:30";"5";"93";"93001";"2";"3";"1";"3";"Avenue Jean Jaurès / Allée Charles Grosperrin";"48,91517644";"2,40446359"
"202400000984";"12";"02";"2024";"11:00";"1";"92";"92051";"2";"2";"1";"3";"BINEAU (BOULEVARD, N°133 A 217 ET 134 A";"48,89073993";"2,27054375"
"202400000985";"12";"02";"2024";"11:30";"1";"92";"92040";"2";"6";"1";"2";"STALINGRAD (QUAI DE)";"48,82177640";"2,25018203"
"202400000986";"12";"02";"2024";"11:08";"1";"92";"92040";"2";"1";"1";"6";"GALLIENI (BOULEVARD)";"48,82851626";"2,26747146"
"202400000987";"12";"02";"2024";"19:55";"5";"92";"92035";"2";"1";"1";"2";"Général de Gaulle  ( avenue du )";"48,91008511";"2,25493523"
"202400000988";"6";"06";"2024";"09:00";"1";"974";"97411";"2";"2";"1";"3";"RONTAUNAY (RUE)";" -20,87591000";"55,44813200"
"202400000989";"12";"02";"2024";"14:09";"1";"92";"92012";"2";"1";"1";"2";"JEAN JAURES (BOULEVARD) 63/215 - 70/208";"48,83100000";"2,24500000"
"202400000990";"12";"02";"2024";"17:15";"1";"972";"97227";"1";"1";"1";"3";"RN5";"14,49717900";" -60,97682500"
"202400000991";"7";"06";"2024";"09:50";"1";"971";"97101";"1";"1";"1";"5";"Frédéric JALTON";"16,27904000";" -61,49825000"
"202400000992";"17";"01";"2024";"22:20";"3";"22";"22030";"1";"1";"2";"6";"route départementale 767 pr 48+0000";"48,70451400";" -3,37900400"
"202400000993";"6";"06";"2024";"09:00";"1";"971";"97113";"2";"1";"1";"3";"RN4 - SECTION RIVIERA";"16,21227000";" -61,47561000"
"202400000994";"13";"02";"2024";"16:25";"1";"974";"97410";"2";"1";"1";"3";"Route Nationale 3";" -21,07229700";"55,70307600"
"202400000995";"6";"06";"2024";"09:45";"1";"971";"97101";"1";"1";"1";"3";"PERRIN (SECTEUR)";"16,29453000";" -61,50138000"
"202400000996";"8";"02";"2024";"21:30";"3";"62";"62260";"1";"1";"3";"6";"D939";"50,38459698";"2,25907946"
"202400000997";"7";"06";"2024";"16:50";"1";101;101004";"2";"1";"1";"1";"KENNEDY AV PRESIDENT";"41,93116000";"8,73425000"