"Num_Acc";"jour";"mois";"an";"hrmn";"lum";"dep";"com";"agg";"int";"atm";"col";"adr";"lat";"long"
"202400000998";"7";"06";"2024";"15:00";"1";"91";"91103";"2";"4";"1";"2";"VC LA FRANCILIENNE";"48,62506000";"2,29744000"
"202400000999";"9";"02";"2024";"17:15";"1";"83";"83087";"1";"1";"2";"5";"D560";"43,38540200";"5,74900400"
"202400001000";"13";"02";"2024";"00:15";"3";"19";"19241";"1";"1";"2";"6";"D21";"45,67457684";"2,08711839"
"202400001001";"28";"05";"2024";"18:20";"1";"91";"91425";"1";"1";"1";"3";"RTE DES TEMPLIERS";"48,64746000";"2,26493000"
"202400001002";"7";"06";"2024";"18:50";"1";"91";"91201";"2";"1";"1";"3";" HENRI BARBUSSE (BOULEVARD)";"48,67384000";"2,41214000"
"202400001003";"13";"02";"2024";"07:10";"3";"79";"79195";"2";"3";"5";"7";"N/A";"46,94248700";" -0,59178100"
"202400001004";"6";"06";"2024";"15:50";"1";"87";"87085";"2";"2";"1";"6";"GIFFARD (RUE HENRI)";"45,86926200";"1,26836100"
"202400001005";"13";"02";"2024";"07:30";"2";"60";"60299";"1";"2";"1";"1";"D34";"49,63394323";"2,21726364"
"202400001006";"6";"06";"2024";"13:33";"1";"87";"87085";"1";"4";"1";"3";"COUSSADES (chemin des)";"45,87780000";"1,15929000"
"202400001007";"11";"02";"2024";"23:50";"3";"64";"64419";"1";"1";"1";"6";"Route Departementale 817";"43,27194745";" -0,20792294"
"202400001008";"12";"02";"2024";"08:00";"1";"07";"07092";"1";"1";"1";"7";"N/A";"44,68133300";"4,55893400"
"202400001009";"12";"02";"2024";"07:40";"2";"53";"53147";"2";"6";"1";"2";"90 Rue du Terras";"48,29435800";" -0,61237000"
"202400001010";"7";"06";"2024";"23:25";"5";"84";"84007";"2";"4";"1";"1";"C.De GAULLE (Rocade)";"43,92887000";"4,80266000"
"202400001011";"13";"02";"2024";"14:00";"1";"04";"04209";"2";"1";"1";"6";"Avenue de la Libération";"44,19148900";"5,94508100"
"202400001012";"13";"02";"2024";"07:30";"2";"85";"85140";"2";"1";"5";"3";"28 Rue de la baudrière";"46,74907200";" -0,81566400"
"202400001013";"7";"06";"2024";"09:35";"1";"81";"81065";"2";"1";"1";"6";"AUDENET  (RUE SOEUR)";"43,61221720";"2,25293680"
"202400001014";"7";"02";"2024";"14:45";"1";"17";"17008";"1";"2";"2";"3";"D137";"46,24363500";" -1,01582800"
"202400001015";"7";"06";"2024";"08:47";"1";"81";"81004";"2";"1";"1";"6";"10 Boulevard Carnot";"43,92274000";"2,14600000"
"202400001016";"13";"02";"2024";"10:00";"1";"973";"97309";"2";"1";"1";"3";"Route de Rémire";"4,89879862";" -52,27390677"
"202400001017";"12";"02";"2024";"21:45";"3";"44";"44094";"1";"1";"1";"2";"N/A";"47,31342800";" -1,41212900"
"202400001018";"7";"06";"2024";"06:30";"1";"80";"80021";"2";"6";"1";"3";"BEAUVILLE NORD (BOULEVARD DE)";"49,90672400";"2,31811600"
"202400001019";"9";"02";"2024";"02:00";"3";"974";"97421";"1";"1";"5";"7";"Chemin de Mare a Martin";" -21,01317800";"55,48019500"
"202400001020";"7";"06";"2024";"21:50";"3";"78";"78311";"2";"1";"1";"7";"MATTEOTI (RUE)";"48,93664500";"2,18323800"
"202400001021";"12";"02";"2024";"08:17";"1";"13";"13040";"1";"3";"1";"2";"D6";"43,47974800";"5,55075600"
"202400001022";"12";"02";"2024";"14:00";"1";"11";"11190";"2";"1";"1";"6";"1 Port la Fabrique";"43,24845400";"2,66089600"
"202400001023";"13";"02";"2024";"09:00";"1";"84";"84036";"1";"1";"1";"1";"1580 Route du Thor";"43,92528200";"4,96025500"
"202400001024";"7";"06";"2024";"15:10";"1";"78";"78401";"2";"1";"1";"2";"RHIN ET DANUBE (PONT)";"49,00351000";"1,90677000"
"202400001025";"12";"02";"2024";"22:40";"5";"06";"06011";"2";"1";"1";"6";"Boulevard du Maréchal Leclerc";"43,70595900";"7,33484900"
"202400001026";"7";"06";"2024";"14:15";"1";"78";"78401";"2";"9";"1";"6";"TESSANCOURT (RUE DE)";"49,00710100";"1,90549900"
"202400001027";"12";"02";"2024";"14:40";"1";"68";"68154";"2";"6";"1";"2";"Rue des Vosges";"47,77922300";"7,34747200"
"202400001028";"7";"06";"2024";"15:45";"1";"77";"77169";"2";"1";"1";"7";"EUROPE (AVENUE DE L')";"48,83003000";"2,60520000"
"202400001029";"12";"02";"2024";"22:00";"3";"57";"57413";"1";"1";"1";"6";"lieu dit les 4 vents";"49,10256800";"6,64088100"
"202400001030";"5";"06";"2024";"12:10";"1";"77";"77288";"2";"1";"1";"6";"GENERAL DE GAULLE  (RUE DU)";"48,54389000";"2,66106000"
"202400001031";"13";"02";"2024";"13:25";"1";"07";"07324";"2";"1";"1";"3";"Avenue du 8 Mai 1945";"45,05534700";"4,83638500"
"202400001032";"13";"02";"2024";"14:05";"1";"65";"65059";"2";"1";"1";"6";"9 Allées Jean Jaurès";"43,06527500";"0,15264800"
"202400001033";"12";"02";"2024";"18:15";"2";"86";"86229";"2";"1";"1";"7";"11 Rue des Grandes Caves";"47,07303200";" -0,02994140"
"202400001034";"5";"06";"2024";"12:26";"1";"77";"77487";"2";"3";"1";"3";"BUCHER (DU)";"48,52895900";"2,69718800"
"202400001035";"11";"02";"2024";"13:40";"1";"29";"29046";"2";"6";"1";"3";"rond point du carbon";"48,09467800";" -4,34736200"
"202400001036";"7";"06";"2024";"17:00";"1";"77";"77243";"2";"1";"1";"6";"Boulevard du General de Gaulle";"48,87588000";"2,70141000"
"202400001037";"1";"02";"2024";"18:25";"5";"59";"59611";"1";"1";"1";"2";"162 Rue de Messines";"50,69284500";"2,98305100"
"202400001038";"12";"02";"2024";"01:05";"3";"69";"69288";"1";"1";"1";"6";"Autoroute 43";"45,67041685";"5,04600959"
"202400001039";"7";"06";"2024";"21:00";"1";"76";"76540";"2";"1";"1";"7";"Rue Lafayette";"49,43242000";"1,08922000"
"202400001040";"11";"02";"2024";"10:10";"1";"59";"59581";"1";"1";"1";"4";"AUTOROUTE A25";"50,69879000";"2,79834000"
"202400001041";"7";"06";"2024";"15:30";"1";"76";"76540";"2";"2";"1";"6";"Quai du Havre (Quai haut)";"49,44097000";"1,08280000"
"202400001042";"9";"02";"2024";"18:11";"2";"92";"92050";"1";"1";"2";"3";"A86";"48,91427665";"2,21944304"
"202400001043";"6";"06";"2024";"16:00";"1";"76";"76540";"2";"3";"1";"7";"Rue Bourbaki";"49,43717000";"1,06446000"
"202400001044";"11";"02";"2024";"19:50";"3";"78";"78640";"1";"1";"1";"2";"N118";"48,78137300";"2,22297200"
"202400001045";"7";"06";"2024";"14:00";"1";"72";"72181";"2";"1";"1";"2";"MARIETTE (RUE DE LA) N° IMP 1 A 85";"47,99963000";"0,20671000"
"202400001046";"10";"02";"2024";"18:30";"3";"92";"92036";"1";"1";"2";"6";"A86";"48,93914505";"2,30230165"
"202400001047";"11";"02";"2024";"02:29";"3";"95";"95500";"1";"1";"1";"1";"A15";"49,03932051";"2,08540438"
"202400001048";"7";"06";"2024";"09:00";"1";"72";"72181";"2";"2";"1";"3";"FERBER CAPITAINE (RUE DU)";"47,96840000";"0,20818000"
"202400001049";"11";"02";"2024";"07:30";"2";"93";"93005";"1";"1";"1";"2";"A3";"48,96017102";"2,47352704"
"202400001050";"7";"06";"2024";"09:25";"1";"71";"71270";"2";"2";"1";"6";"HUGO (RUE VICTOR)";"46,30483000";"4,82818000"
"202400001051";"10";"02";"2024";"23:00";"3";"95";"95500";"1";"1";"1";"2";"A15";"49,03790652";"2,08943382"
"202400001052";"7";"06";"2024";"13:18";"1";"69";"69266";"2";"1";"1";"1";"Rue Gabriel Péri";"45,77087000";"4,86375000"
"202400001053";"10";"02";"2024";"22:30";"3";"93";"93027";"1";"1";"1";"6";"A16";"48,92581889";"2,39958903"
"202400001054";"10";"02";"2024";"20:40";"3";"92";"92036";"1";"1";"1";"3";"AUTOROUTE A86";"48,93788873";"2,31490731"
"202400001055";"7";"06";"2024";"23:35";"5";"67";"67482";"2";"3";"1";"3";"TURCKHEIM (QUAI DE)";"48,58141000";"7,73861000"
"202400001056";"7";"06";"2024";"17:30";"1";"66";"66136";"2";"1";"1";"3";"Avenue Maréchal Leclerc";"42,70100000";"2,88931000"
"202400001057";"10";"02";"2024";"16:00";"1";"95";"95241";"1";"1";"2";"1";"N104";"49,04653407";"2,43883155"
"202400001058";"7";"06";"2024";"15:30";"1";"66";"66136";"2";"1";"1";"2";"Boulevard Aristide Briand";"42,69456000";"2,90142100"
"202400001059";"12";"02";"2024";"12:35";"1";"94";"94081";"1";"1";"1";"5";"A86";"48,77409978";"2,40896160"
"202400001060";"7";"06";"2024";"13:50";"1";"66";"66136";"2";"2";"1";"3";"Boulevard John-Fitzgerald Kennedy";"42,69060000";"2,90130000"
"202400001061";"12";"02";"2024";"01:44";"3";"94";"94069";"1";"1";"1";"6";"A4";"48,81714580";"2,42648721"
"202400001062";"7";"06";"2024";"12:55";"1";"66";"66136";"2";"1";"1";"6";"FLANDRES/DUNKERQUE (CARREFOUR)";"42,68667000";"2,90724000"
"202400001063";"7";"06";"2024";"07:50";"1";"66";"66136";"2";"1";"1";"7";"Chemin de Saint-Roch";"42,68829000";"2,90918000"
"202400001064";"11";"02";"2024";"09:40";"1";"973";"97302";"2";"1";"1";"5";"BADUEL (ROUTE DE)";"4,92743557";" -52,29076579"
"202400001065";"6";"06";"2024";"17:35";"1";"65";"65226";"1";"1";"1";"7";"Route de Pau";"43,24075000";"0,01495000"
"202400001066";"9";"02";"2024";"10:30";"1";"973";"97302";"2";"3";"1";"3";"MERE THERESA (rue)";"4,91832297";" -52,31276393"
"202400001067";"7";"06";"2024";"18:50";"1";"64";"64445";"1";"3";"1";"2";"CAMI SALIE DU";"43,33123000";" -0,35840000"
"202400001068";"11";"02";"2024";"21:05";"5";"69";"69386";"2";"3";"1";"3";"Cours Vitton";"45,77024000";"4,86070000"
"202400001069";"6";"06";"2024";"17:05";"1";"64";"64445";"2";"1";"1";"3";"PRESIDENT KENNEDY DU";"43,31124560";" -0,36339775"
"202400001070";"12";"02";"2024";"00:30";"5";101;101004";"2";"1";"1";"6";"NAPOLEON COURS APRES BEVERINI";"41,93200000";"8,74000000"
"202400001071";"11";"02";"2024";"15:20";"1";"95";"95219";"2";"1";"2";"6";"JEAN DE FLORETTE (ALLEE)";"48,98298072";"2,24463880"
"202400001072";"6";"06";"2024";"18:15";"1";"63";"63113";"1";"2";"1";"3";"BEAULIEU (CHEMIN DE)";"45,77051396";"3,14670324"
"202400001073";"12";"02";"2024";"01:40";"3";"91";"91685";"1";"3";"1";"6";"CHASSE (ROUTE DE)";"48,66406000";"2,29554000"
"202400001074";"6";"06";"2024";"13:00";"1";"63";"63113";"2";"2";"2";"3";"RAYNAUD (RUE)";"45,76945255";"3,09090257"
"202400001075";"11";"02";"2024";"01:40";"5";"91";"91161";"2";"2";"1";"3";"MASSY (ROUTE DE)";"48,71531000";"2,29827700"
"202400001076";"11";"02";"2024";"18:40";"1";"81";"81065";"2";"2";"1";"3";"HENRI  IV (RUE)";"43,60763000";"2,24191000"
"202400001077";"6";"06";"2024";"23:20";"5";"62";"62270";"2";"2";"1";"3";"D941";"50,46764000";"2,50291000"
"202400001078";"11";"02";"2024";"04:15";"3";"77";"77350";"1";"1";"1";"7";"D1004";"48,76764000";"2,64684000"
"202400001079";"7";"06";"2024";"18:25";"1";"59";"59009";"2";"1";"1";"6";"BOIS AVENUE DU";"50,63014000";"3,14676000"
"202400001080";"11";"02";"2024";"14:25";"1";"69";"69266";"2";"2";"2";"2";"Boulevard du 11 Novembre 1918";"45,77929427";"4,86246304"
"202400001081";"7";"06";"2024";"17:10";"1";"59";"59350";"2";"1";"1";"3";"Rue du Faubourg d'Arras";"50,60830000";"3,05980000"
"202400001082";"11";"02";"2024";"14:50";"1";"64";"64249";"2";"3";"1";"3";"GETARIA(AVENUE)";"43,42428000";" -1,60471000"
"202400001083";"5";"06";"2024";"11:20";"1";"59";"59328";"2";"1";"1";"3";"Rue de Lille";"50,65157000";"3,04072000"
"202400001084";"11";"02";"2024";"13:03";"1";"63";"63113";"2";"1";"1";"6";"PRADELLE (RUE DE LA)";"45,77397000";"3,10030000"
"202400001085";"7";"06";"2024";"19:15";"1";"54";"54184";"2";"1";"1";"3";"Avenue Foch";"48,70513500";"6,22900800"
"202400001086";"10";"02";"2024";"18:29";"1";"60";"60057";"2";"9";"2";"6";"Rue de la Madeleine";"49,42890000";"2,08549000"
"202400001087";"5";"06";"2024";"18:45";"1";"54";"54300";"2";"3";"1";"3";"Avenue du General de Gaulle";"48,66087000";"6,22678000"
"202400001088";"10";"02";"2024";"23:05";"5";"59";"59350";"2";"1";"2";"1";"Rue Armand Carrel";"50,61653000";"3,07416000"
"202400001089";"11";"02";"2024";"20:30";"5";"54";"54521";"2";"1";"3";"6";"Rue Paul Langevin";"49,47304000";"5,90551000"
"202400001090";"7";"06";"2024";"17:29";"1";"54";"54261";"2";"3";"1";"6";"Avenue du Luxembourg";"49,52464000";"5,79330000"
"202400001091";"11";"02";"2024";"13:05";"1";"54";"54382";"1";"1";"1";"6";"RD618";"49,54661000";"5,79952000"
"202400001092";"7";"06";"2024";"07:50";"1";"51";"51454";"2";"3";"1";"3";"FABIEN (RUE DU COLONNEL)";"49,24916000";"4,01658000"
"202400001093";"11";"02";"2024";"12:00";"1";"54";"54036";"1";"3";"2";"7";"D139";"49,29270800";"6,00245900"
"202400001094";"11";"02";"2024";"12:38";"1";"54";"54099";"1";"4";"2";"7";"D138";"49,24241769";"6,02452040"
"202400001095";"6";"06";"2024";"22:35";"3";"51";"51474";"2";"1";"1";"3";"HARANG (RUE MARGUERITE)";"49,26828000";"3,99559000"
"202400001096";"11";"02";"2024";"06:05";"5";"45";"45338";"2";"6";"2";"6";"47bis Avenue de la Libération";"47,98930000";"2,69522000"
"202400001097";"6";"06";"2024";"17:45";"1";"51";"51454";"2";"1";"1";"3";"CRAYERES (RUE DES)";"49,24471000";"4,05291000"
"202400001098";"7";"06";"2024";"08:45";"1";"50";"50218";"1";"1";"1";"4";"AVRANCHES (ROUTE D')";"48,82593000";" -1,55997000"
"202400001099";"11";"02";"2024";"19:40";"5";"37";"37261";"2";"1";"8";"3";"MARECHAL JUIN (BD)";"47,42169000";"0,70197000"
"202400001100";"6";"06";"2024";"18:34";"1";"50";"50532";"2";"1";"1";"3";"MATHURIN (RUE CHARLES)";"48,81022000";" -1,57033000"
"202400001101";"11";"02";"2024";"16:30";"1";"37";"37233";"2";"2";"1";"3";"BEAUFILS (RUE MAURICE)";"47,39129000";"0,73033000"
"202400001102";"6";"06";"2024";"18:15";"1";"50";"50129";"2";"5";"1";"6";"ABBAYE (RUE DE L')";"49,64542000";" -1,63814000"
"202400001103";"11";"02";"2024";"18:00";"1";"34";"34172";"2";"1";"1";"1";"PEDRO DE LUNA (BOULEVARD)";"43,59421000";"3,87217000"
"202400001104";"7";"06";"2024";"19:55";"1";"45";"45234";"2";"1";"1";"6";"D14 PR 8 + 268";"47,84743800";"1,93744300"
"202400001105";"11";"02";"2024";"18:50";"2";"34";"34172";"2";"1";"1";"6";"LOUISVILLE (AVENUE DE)";"43,62770000";"3,81554000"
"202400001106";"7";"06";"2024";"18:30";"1";"45";"45286";"2";"1";"7";"3";"121 Route de Sandillon";"47,87971000";"1,93516000"
"202400001107";"10";"02";"2024";"20:05";"5";"25";"25580";"2";"6";"2";"3";"Avenue du 8 Mai";"47,45448000";"6,82883000"
"202400001108";"7";"06";"2024";"08:30";"1";"45";"45147";"2";"1";"1";"6";"23 Rue Gustave Roland";"47,93019300";"1,91298600"
"202400001109";"15";"05";"2024";"08:10";"1";"42";"42218";"2";"6";"3";"6";"Place Paul-Louis Courier";"45,40930000";"4,38660000"
"202400001110";"11";"02";"2024";"07:57";"5";"25";"25056";"2";"3";"1";"5";"CHURCHILL BD WINSTON (inf 12)";"47,25254600";"6,01436200"
"202400001111";"11";"02";"2024";"08:25";"2";"22";"22113";"1";"1";"1";"7";"TREGUIER (ROUTE DE)";"48,74254000";" -3,41498000"
"202400001112";"5";"06";"2024";"12:45";"1";"40";"40192";"2";"3";"1";"3";"DUCOM (AV ÉLOI)";"43,89072776";" -0,48745575"
"202400001113";"10";"02";"2024";"18:10";"2";"22";"22113";"1";"1";"1";"7";"R.D.767";"48,71549000";" -3,39790000"
"202400001114";"7";"06";"2024";"18:00";"1";"38";"38179";"2";"2";"2";"1";"RUE DE LA CONDAMINE";"45,18524000";"5,77889000"
"202400001115";"9";"02";"2024";"17:30";"5";"13";"13209";"2";"1";"3";"7";"MICHELET (BOULEVARD)";"43,25926000";"5,39768000"
"202400001116";"6";"06";"2024";"04:05";"5";"37";"37261";"2";"3";"1";"6";"CHURCHILL (BOULEVARD WINSTON)";"47,37331610";"0,68673402"
"202400001117";"31";"01";"2024";"10:45";"1";"05";"05061";"2";"1";"1";"6";"JEAN JAURES ( AVENUE )";"44,55335900";"6,07283000"
"202400001118";"7";"06";"2024";"09:15";"1";"35";"35278";"2";"1";"1";"6";"DE GAULLE (AVENUE GENERAL)";"48,15432000";" -1,68668000"
"202400001119";"9";"02";"2024";"11:10";"1";"75";"75117";"2";"1";"8";"2";"PORTE DE CHAMPERRET";"48,88527700";"2,28712300"
"202400001120";"24";"10";"2024";"14:40";"1";"31";"31582";"1";"1";"1";"6";"D25";"43,40893900";"1,71684000"
"202400001121";"7";"06";"2024";"08:50";"1";"35";"35238";"2";"2";"1";"3";"SAINT-HELIER";"48,10698000";" -1,67057000"
"202400001122";"11";"02";"2024";"15:00";"1";"75";"75119";"2";"3";"1";"6";"AVENUE SECRETAN";"48,88017300";"2,37563700"
"202400001123";"10";"02";"2024";"10:45";"1";"75";"75117";"2";"2";"2";"6";"RUE JACQUES KELLNER";"48,89584800";"2,32673600"
"202400001124";"7";"06";"2024";"22:00";"5";"34";"34172";"2";"1";"1";"2";"LIBERTE (AVENUE DE LA";"43,61165000";"3,82703000"
"202400001125";"25";"10";"2024";"15:50";"1";"03";"03176";"1";"1";"1";"5";"12 Route du Bourbonnais";"46,36723900";"3,28722400"
"202400001126";"7";"06";"2024";"11:15";"1";"34";"34172";"2";"1";"1";"2";"BRANDT (CARREFOUR WILLY)";"43,60969000";"3,82239000"
"202400001127";"11";"02";"2024";"00:40";"5";"75";"75115";"2";"3";"1";"6";"RUE DU COMMERCE";"48,84854300";"2,29728100"
"202400001128";"10";"02";"2024";"11:00";"1";"75";"75115";"2";"3";"2";"6";"RUE GRAMME";"48,84556900";"2,29464400"
"202400001129";"6";"06";"2024";"20:05";"1";"34";"34172";"2";"2";"1";"3";"MAURIN (AVENUE DE";"43,59991000";"3,87528000"
"202400001130";"24";"10";"2024";"14:30";"1";"58";"58047";"1";"1";"1";"7";"D945";"47,22595100";"3,75765700"
"202400001131";"11";"02";"2024";"16:25";"1";"75";"75115";"2";"2";"2";"6";"RUE SAINT CHARLES";"48,84551200";"2,28456000"
"202400001132";"7";"06";"2024";"19:25";"2";"34";"34003";"2";"1";"1";"2";"D 912 VIAS (ROUTE DE)";"43,31441000";"3,45962000"
"202400001133";"24";"10";"2024";"11:20";"1";"66";"66016";"2";"9";"1";"6";"Avenue de la Republique";"42,48203000";"3,12891100"
"202400001134";"9";"02";"2024";"12:30";"1";"75";"75112";"2";"7";"1";"3";"PLACE DU BATAILLON DU PACIFIQUE";"48,84024300";"2,37922500"
"202400001135";"7";"06";"2024";"23:40";"5";"33";"33063";"2";"6";"1";"1";"N/A";"44,89648000";" -0,55085000"
"202400001136";"24";"10";"2024";"16:20";"1";"72";"72328";"2";"1";"1";"6";"15 Rue du Bignon";"48,03283200";"0,24306300"
"202400001137";"7";"06";"2024";"12:30";"1";"33";"33069";"2";"1";"2";"6";"N/A";"44,87008300";" -0,61176800"
"202400001138";"11";"02";"2024";"06:40";"5";"75";"75110";"2";"2";"2";"7";"BOULEVARD DE MAGENTA";"48,87379300";"2,35830100"
"202400001139";"6";"06";"2024";"01:00";"5";"33";"33063";"2";"3";"1";"6";"N/A";"44,83511000";" -0,56434000"
"202400001140";"11";"02";"2024";"01:01";"4";"75";"75108";"2";"7";"1";"3";"PLACE DE LA CONCORDE";"48,86589600";"2,31991700"
"202400001141";"24";"10";"2024";"22:45";"5";"06";"06108";"2";"1";"1";"6";"654 Boulevard des Mimosas";"43,58000200";"6,96012000"
"202400001142";"7";"06";"2024";"19:00";"1";"29";"29232";"2";"1";"1";"2";"Rue de Benodet";"47,96627600";" -4,08421900"
"202400001143";"25";"10";"2024";"04:00";"3";"50";"50182";"1";"1";"2";"6";"D2";"49,17946200";" -1,48309800"
"202400001144";"10";"02";"2024";"17:00";"1";"75";"75107";"2";"2";"2";"6";"QUAI BRANLY";"48,86054200";"2,29562400"
"202400001145";"6";"06";"2024";"10:30";"1";"29";"29019";"2";"6";"1";"2";"PEN AR CH'LEUZ";"48,41518300";" -4,47970900"
"202400001146";"24";"10";"2024";"10:14";"1";"09";"09057";"1";"1";"1";"6";"D618";"42,89991200";"1,30778600"
"202400001147";"11";"02";"2024";"08:00";"1";"94";"94022";"2";"3";"2";"1";"Boulevard de Stalingrad / Bretelle A86";"48,77278000";"2,40011000"
"202400001148";"10";"02";"2024";"22:15";"5";"94";"94069";"2";"4";"2";"7";"Rue Paul Verlaine / Rue du Maréchal Leclerc";"48,81584400";"2,45866100"
"202400001149";"21";"10";"2024";"11:00";"1";"16";"16044";"1";"2";"1";"3";"La Croix du Charme";"46,01886200";"0,27332200"
"202400001150";"11";"02";"2024";"15:35";"1";"93";"93030";"2";"3";"2";"2";"Avenue du Général de Gaulle / Rue du Pdt Georges Pompidou";"48,94824200";"2,41414100"
"202400001151";"6";"06";"2024";"08:35";"1";"27";"27229";"2";"6";"1";"3";"DUGUESCLIN (RUE)";"49,01703000";"1,17098000"
"202400001152";"24";"10";"2024";"19:00";"2";"16";"16303";"1";"1";"1";"1";"départemental 5";"45,46301100";" -0,10878700"
"202400001153";"11";"02";"2024";"00:15";"5";"93";"93005";"2";"1";"1";"7";"Allée Circulaire";"48,92012317";"2,49975845"
"202400001154";"11";"02";"2024";"07:00";"4";"92";"92025";"2";"1";"2";"3";"PONT DE BEZONS";"48,91938285";"2,22231209"
"202400001155";"7";"06";"2024";"21:45";"2";"22";"22106";"1";"3";"1";"1";"CHEMIN DES NOUETTES";"48,51170000";" -2,70780000"
"202400001156";"11";"02";"2024";"02:38";"5";"92";"92024";"2";"1";"1";"6";"GENNEVILLIERS (PONT DE)";"48,91216698";"2,31160605"
"202400001157";"5";"06";"2024";"18:10";"1";"21";"21054";"2";"1";"1";"6";"Route de Pommard";"47,01683200";"4,82321600"
"202400001158";"24";"10";"2024";"21:50";"3";"07";"07090";"1";"1";"2";"3";"RD104 GAGNE";"44,73992100";"4,65571400"
"202400001159";"11";"02";"2024";"20:20";"5";"92";"92012";"2";"9";"1";"3";"ANDRE MORIZET (AVENUE) - 49/FIN - 54/FIN";"48,83935984";"2,23134828"
"202400001160";"7";"06";"2024";"17:22";"1";"19";"19031";"2";"1";"1";"6";"POINCARE (AVENUE)";"45,15602000";"1,53526000"
"202400001161";"12";"02";"2024";"07:33";"5";"60";"60223";"2";"6";"1";"6";"Rue des Sablons";"49,42608000";"2,64671800"
"202400001162";"23";"10";"2024";"12:00";"1";"53";"53097";"2";"6";"1";"3";"Boulevard de Rochemado";"48,15623100";" -0,39652200"
"202400001163";"7";"06";"2024";"22:25";"5";"17";"17291";"1";"3";"1";"7";"ONZE NOVEMBRE   RUE DU";"46,17300000";" -1,11900000"
"202400001164";"25";"10";"2024";"13:53";"1";"85";"85039";"1";"1";"1";"6";"Rue de la minée";"47,00757700";" -1,21429000"
"202400001165";"12";"02";"2024";"18:56";"5";"91";"91235";"2";"2";"2";"6";"Rue de l'Ecoute S'Il Pleut";"48,64118400";"2,36389800"
"202400001166";"7";"06";"2024";"19:45";"1";"17";"17274";"2";"9";"1";"3";"GRANDE RUE   RUE";"46,15200000";" -1,10400000"
"202400001167";"25";"10";"2024";"02:15";"3";"85";"85108";"1";"1";"1";"6";"D763";"46,93213000";" -1,36058000"
"202400001168";"12";"02";"2024";"17:20";"1";"71";"71286";"1";"1";"1";"1";"D980";"46,59385400";"4,50200200"
"202400001169";"7";"06";"2024";"00:20";"5";"13";"13001";"2";"3";"1";"3";"MALACRIDA HENRI (AV)";"43,51442000";"5,46986000"
"202400001170";"7";"06";"2024";"08:00";"1";"09";"09225";"2";"3";"8";"3";"RIJOLE AVENUE DE LA";"43,12411000";"1,62092000"
"202400001171";"24";"10";"2024";"21:15";"3";"33";"33284";"1";"1";"1";"4";"N/A";"44,66547100";" -0,81706000"
"202400001172";"10";"02";"2024";"01:15";"5";"33";"33081";"2";"2";"3";"1";"D230";"44,63495600";" -0,30854500"
"202400001173";"10";"02";"2024";"07:05";"2";"31";"31022";"2";"1";"6";"6";"65 Route de Fronton";"43,66453100";"1,43044900"
"202400001174";"24";"10";"2024";"20:10";"3";"987";"98715";"1";"1";"1";"6";"Route du mont MARAU, pk 5.5";" -17,57567100";" -149,59170000"
"202400001175";"6";"06";"2024";"17:35";"1";"06";"06069";"2";"3";"1";"2";"77 Avenue Sidi Brahim";"43,64870000";"6,93640000"
"202400001176";"12";"02";"2024";"19:30";"1";"974";"97401";"2";"1";"1";"1";"route départementale 11";" -21,25105200";"55,34173400"
"202400001177";"7";"06";"2024";"20:20";"1";"01";"01451";"1";"9";"1";"2";"PARIS (ROUTE DE)";"46,22835000";"5,20353000"
"202400001178";"22";"10";"2024";"14:15";"1";"69";"69027";"2";"1";"1";"6";"163 Rue du Général de Gaulle";"45,67199700";"4,75345900"
"202400001179";"6";"06";"2024";"07:10";"1";"75";"75119";"2";"1";"1";"3";"PORTE DES LILAS";"48,88211400";"2,40169400"
"202400001180";"11";"02";"2024";"19:10";"3";"40";"40014";"1";"1";"1";"6";"Autoroute A65 - PK 56.600 - sens vers PAU";"44,06150100";" -0,31242400"
"202400001181";"23";"10";"2024";"20:05";"3";"17";"17157";"1";"1";"1";"2";"A10";"45,89967000";" -0,59373400"
"202400001182";"11";"02";"2024";"18:00";"3";"21";"21247";"1";"1";"3";"7";"A6";"47,48232400";"4,17601000"
"202400001183";"21";"10";"2024";"07:41";"1";"974";"97408";"1";"1";"1";"6";"Chemin Departemental 41";" -20,92475400";"55,36740800"
"202400001184";"7";"06";"2024";"16:30";"1";"75";"75119";"2";"3";"1";"3";"RUE D AUBERVILLIERS";"48,88732600";"2,36705800"
"202400001185";"11";"02";"2024";"14:45";"1";"43";"43191";"1";"1";"1";"2";"a75 pk 52+800";"45,36197600";"3,28268100"
"202400001186";"7";"06";"2024";"15:50";"1";"75";"75118";"2";"3";"1";"3";"RUE DE LA CHAPELLE";"48,89330700";"2,35967600"
"202400001187";"6";"02";"2024";"13:30";"1";"37";"37194";"1";"1";"1";"3";"A10";"47,49847390";"0,84939390"
"202400001188";"21";"06";"2024";"18:10";"1";"13";"13087";"1";"3";"1";"3";"D7N";"43,48925700";"5,63799300"
"202400001189";"7";"06";"2024";"12:00";"1";"75";"75116";"2";"3";"1";"3";"BOULEVARD MURAT";"48,83951000";"2,25654900"
"202400001190";"12";"02";"2024";"09:30";"1";"61";"61385";"1";"1";"1";"7";"A28 PK203+920";"48,79663000";"0,33647700"
"202400001191";"22";"10";"2024";"01:20";"4";"45";"45155";"2";"1";"1";"6";"13 Place du Château";"47,68598700";"2,63016100"
"202400001192";"4";"06";"2024";"16:45";"1";"75";"75116";"2";"3";"1";"6";"AVENUE RAYMOND POINCARE";"48,87087600";"2,28800000"
"202400001193";"25";"10";"2024";"17:10";"1";"91";"91376";"1";"1";"1";"7";"Rue Panhard et Levassor";"48,57905100";"2,29017700"
"202400001194";"6";"06";"2024";"18:30";"1";"75";"75114";"2";"1";"1";"6";"RUE GEORGES DE PORTO RICHE";"48,82187200";"2,32829800"
"202400001195";"10";"02";"2024";"19:50";"3";"56";"56031";"1";"1";"2";"5";"8 le poteau";"47,86335600";" -3,01508700"
"202400001196";"31";"05";"2024";"18:30";"1";"75";"75112";"2";"1";"1";"2";"BD PERIPHERIQUE EXTERIEUR";"48,82952500";"2,40122800"
"202400001197";"12";"10";"2024";"05:00";"3";"84";"84129";"1";"1";"5";"6";"D183";"44,02677800";"4,88222700"
"202400001198";"7";"06";"2024";"18:25";"1";"75";"75111";"2";"3";"1";"3";"RUE SAINT MAUR";"48,86910200";"2,37426600"
"202400001199";"11";"02";"2024";"19:45";"3";"81";"81145";"1";"1";"1";"1";"D999 - Route de MONTAUBAN";"43,91245820";"1,83441180"
"202400001200";"29";"07";"2024";"21:00";"2";"83";"83068";"2";"3";"1";"3";"Route du Littoral";"43,29155428";"6,61025923"
"202400001201";"7";"06";"2024";"09:33";"1";"75";"75110";"2";"1";"1";"1";"PLACE DE LA REPUBLIQUE";"48,86814100";"2,36372600"
"202400001202";"11";"02";"2024";"09:55";"1";"42";"42302";"2";"1";"7";"6";"Rue de la Flache";"45,48950500";"4,45038600"
"202400001203";"25";"10";"2024";"09:00";"1";"06";"06048";"1";"1";"8";"6";"2557 Route Departementale 2204";"43,79869900";"7,35470800"
"202400001204";"6";"06";"2024";"18:50";"1";"75";"75109";"2";"2";"1";"6";"RUE CHORON";"48,87758000";"2,34075800"
"202400001205";"10";"02";"2024";"15:50";"1";"47";"47174";"1";"2";"2";"3";"D930";"44,06404500";"0,37112100"
"202400001206";"24";"10";"2024";"17:25";"1";"89";"89257";"2";"3";"7";"3";"81 Avenue Jean Jaures";"47,96359700";"3,51051500"
"202400001207";"7";"06";"2024";"19:00";"1";"75";"75116";"2";"1";"1";"3";"BOULEVARD SUCHET";"48,84984200";"2,25985400"
"202400001208";"7";"06";"2024";"13:05";"1";"75";"75107";"2";"1";"1";"6";"BOULEVARD DES INVALIDES";"48,85108100";"2,31460900"
"202400001209";"10";"02";"2024";"13:05";"1";"29";"29026";"1";"1";"1";"3";"RN 164";"48,21705513";" -4,04317276"
"202400001210";"22";"10";"2024";"11:50";"1";"68";"68163";"2";"9";"1";"3";"Rue du Moulin";"47,65844700";"7,51015300"
"202400001211";"7";"06";"2024";"10:00";"1";"75";"75107";"2";"2";"1";"6";"AVENUE DU MARECHAL GALLIENI";"48,86283600";"2,31345300"
"202400001212";"9";"02";"2024";"14:00";"1";"31";"31136";"2";"1";"1";"3";"Avenue de Toulouse";"43,74887000";"1,43198800"
"202400001213";"7";"06";"2024";"09:00";"1";"75";"75107";"2";"3";"1";"7";"QUAI D ORSAY";"48,86229600";"2,30631700"
"202400001214";"26";"01";"2024";"19:40";"3";"03";"03170";"1";"1";"1";"6";"route départementale 73 03210";"46,51472600";"3,09154600"
"202400001215";"24";"10";"2024";"21:40";"5";"57";"57596";"1";"1";"1";"6";"5 Rue du Hérapel";"49,15964700";"6,85768200"
"202400001216";"7";"06";"2024";"04:18";"5";"75";"75107";"2";"1";"1";"6";"AVENUE DE LA BOURDONNAIS";"48,85959200";"2,29712000"
"202400001217";"12";"02";"2024";"14:45";"1";"58";"58065";"2";"1";"1";"6";"7 Rue du Docteur Duret";"47,05416000";"3,65822800"
"202400001218";"12";"02";"2024";"18:20";"3";"72";"72247";"1";"1";"1";"7";"lieu dit le tertre";"47,99099000";"0,12723000"
"202400001219";"6";"06";"2024";"23:00";"5";"94";"94078";"2";"7";"1";"2";"Place Hector Berlioz / Rue Jean-jacques Rousseau";"48,74619900";"2,44686800"
"202400001220";"24";"10";"2024";"14:20";"1";"07";"07272";"1";"1";"3";"7";"D1";"44,50832000";"4,41521600"
"202400001221";"5";"02";"2024";"07:30";"3";"14";"14311";"1";"2";"1";"5";"D139";"49,14405700";" -0,54972400"
"202400001222";"6";"06";"2024";"20:30";"1";"94";"94011";"2";"3";"1";"6";"Mail de la Résistance / Rue Jean Macé";"48,76598000";"2,48521000"
"202400001223";"12";"10";"2024";"15:00";"1";"01";"01185";"2";"2";"3";"6";"Rue du Col de la Lèbe";"45,95060300";"5,61153000"
"202400001224";"12";"02";"2024";"12:15";"1";"50";"50353";"1";"1";"1";"6";"Boulevard de la Porte du Roy";"48,63177400";" -1,50841000"
"202400001225";"7";"06";"2024";"15:30";"1";"94";"94073";"2";"3";"7";"6";"Avenue René Panhard / Avenue Raymond Poincaré";"48,76324500";"2,40046500"
"202400001226";"12";"02";"2024";"02:00";"3";"09";"09285";"1";"1";"1";"6";"D3";"42,84751100";"1,19253200"
"202400001227";"23";"10";"2024";"11:43";"1";"01";"01385";"1";"3";"1";"3";"D936";"46,19774500";"5,16947500"
"202400001228";"11";"02";"2024";"20:45";"3";"43";"43153";"1";"1";"8";"7";"RN 88 ";"45,32758608";"4,23968500"
"202400001229";"7";"06";"2024";"08:12";"1";"94";"94077";"2";"2";"1";"3";"Avenue Victor Hugo / Rue Serge Voyer";"48,73242800";"2,41671700"
"202400001230";"11";"02";"2024";"18:40";"5";"40";"40122";"2";"1";"1";"7";"Rue de Bayonne";"43,82546400";" -0,55496500"
"202400001231";"23";"10";"2024";"07:50";"1";"33";"33114";"1";"1";"5";"2";"N/A";"45,10955900";" -0,37937700"
"202400001232";"8";"02";"2024";"18:14";"3";"87";"87203";"1";"1";"1";"6";"Route des Intendants";"45,63902800";"1,41549000"
"202400001233";"7";"06";"2024";"19:45";"1";"94";"94018";"2";"1";"7";"3";"Quai de Bercy";"48,82588000";"2,39263000"
"202400001234";"24";"10";"2024";"02:30";"3";"14";"14609";"1";"1";"1";"3";"Route de Littry";"49,26752500";" -0,73681400"
"202400001235";"7";"06";"2024";"19:08";"1";"94";"94011";"2";"1";"1";"6";"Place des Libertés";"48,76449000";"2,48610000"