"Num_Acc";"jour";"mois";"an";"hrmn";"lum";"dep";"com";"agg";"int";"atm";"col";"adr";"lat";"long"
"202400001541";"23";"03";"2024";"09:30";"1";"28";"28404";"1";"1";"1";"3";"RD 828A";"48,72796000";"1,34472000"
"202400001542";"23";"03";"2024";"00:50";"5";"16";"16102";"2";"6";"1";"3";"RN 141";"45,69427000";" -0,34759200"
"202400001543";"22";"03";"2024";"16:25";"1";"13";"13210";"2";"2";"1";"3";"TIMONE (AVENUE DE LA)";"43,28692821";"5,41247177"
"202400001544";"23";"03";"2024";"11:00";"1";"13";"13005";"2";"9";"1";"3";"BONNES NOUVELLES (CH.DES)";"43,29224000";"5,59097000"
"202400001545";"23";"03";"2024";"08:15";"1";"13";"13005";"2";"1";"1";"3";"CAMP DE SARLIER ROUTE DE GEMENOS";"43,29709000";"5,58547000"
"202400001546";"23";"03";"2024";"12:35";"1";"11";"11069";"2";"9";"1";"3";"N/A";"43,20776000";"2,31069000"
"202400001547";"23";"03";"2024";"21:00";"5";"06";"06088";"2";"1";"1";"3";"Avenue Maréchal Lyautey";"43,71822000";"7,28205000"
"202400001548";"22";"03";"2024";"05:30";"5";"06";"06029";"2";"6";"1";"3";"Avenue Michel Jourdan";"43,55406700";"6,97296000"
"202400001549";"23";"03";"2024";"13:20";"1";"75";"75115";"2";"1";"1";"2";"BD PERIPHERIQUE EXTERIEUR";"48,83048800";"2,28517700"
"202400001550";"22";"03";"2024";"23:30";"5";"75";"75114";"2";"4";"3";"6";"RUE FRIANT";"48,82700900";"2,32497800"
"202400001551";"23";"03";"2024";"13:30";"1";"75";"75118";"2";"1";"1";"6";"RUE CUSTINE";"48,88787600";"2,34868600"
"202400001552";"23";"03";"2024";"14:45";"1";"75";"75116";"2";"1";"2";"2";"ALLEE DE LONGCHAMP";"48,86549700";"2,24488300"
"202400001553";"23";"03";"2024";"01:30";"5";"75";"75115";"2";"2";"1";"1";"RUE DE VAUGIRARD";"48,83831800";"2,29846300"
"202400001554";"22";"03";"2024";"17:25";"1";"75";"75114";"2";"2";"1";"3";"AVENUE DE LA PORTE DE MONTROUGE";"48,82266600";"2,32269000"
"202400001555";"23";"03";"2024";"02:00";"5";"75";"75109";"2";"3";"1";"3";"BOULEVARD HAUSSMANN";"48,87342000";"2,32969600"
"202400001556";"23";"03";"2024";"01:01";"5";"75";"75108";"2";"7";"1";"6";"COURS ALBERT 1ER";"48,86422500";"2,30198500"
"202400001557";"23";"03";"2024";"05:30";"2";"75";"75107";"2";"2";"1";"1";"PONT ALEXANDRE III";"48,86283700";"2,31346000"
"202400001558";"23";"03";"2024";"19:35";"5";"94";"94068";"2";"1";"1";"6";"Place des Marronniers";"48,80453300";"2,49655600"
"202400001559";"23";"03";"2024";"07:00";"2";"94";"94068";"2";"1";"1";"6";"Avenue de l’Alma";"48,78553000";"2,49526000"
"202400001560";"22";"03";"2024";"15:40";"1";"94";"94076";"2";"3";"1";"3";"Avenue de Fontainebleau / Rue Anatole France";"48,80714404";"2,36309119"
"202400001561";"23";"03";"2024";"05:00";"5";"94";"94017";"2";"1";"2";"6";"Avenue Roger Salengro";"48,81620273";"2,50192434"
"202400001562";"10";"07";"2024";"10:55";"1";"59";"59402";"1";"3";"1";"1";"Rue du Bister";"50,87690400";"2,24556400"
"202400001563";"23";"03";"2024";"20:15";"5";"93";"93071";"2";"1";"2";"6";"Avenue Berlioz";"48,93706200";"2,53521800"
"202400001564";"23";"03";"2024";"12:45";"1";"93";"93071";"2";"1";"1";"6";"Boulevard Stalingrad";"48,93374800";"2,52809500"
"202400001565";"7";"07";"2024";"11:40";"1";"79";"79320";"1";"2";"1";"3";"N/A";"46,46729100";" -0,45954800"
"202400001566";"23";"03";"2024";"07:40";"1";"93";"93072";"2";"3";"1";"3";"Rue de Fontenay / Rue du Président Harding";"48,96917900";"2,37924900"
"202400001567";"10";"07";"2024";"19:10";"1";101;101271";"2";"1";"1";"2";"RT22";"41,95282068";"8,78693148"
"202400001568";"23";"03";"2024";"13:30";"1";"93";"93010";"2";"5";"1";"3";"Avenue de Rosny / Chemin des Carouges";"48,88904000";"2,47146000"
"202400001569";"10";"07";"2024";"09:35";"1";"65";"65126";"2";"1";"1";"7";"1 chemin de la chapelle";"43,27073700";"0,42908900"
"202400001570";"23";"03";"2024";"11:23";"1";"93";"93063";"2";"1";"1";"3";"Boulevard Edouard Branly";"48,87393000";"2,44047000"
"202400001571";"23";"03";"2024";"19:30";"5";"93";"93008";"2";"2";"2";"4";"Avenue du Président Salvador Allende / Rue Bernard Birsinger";"48,90188000";"2,44464000"
"202400001572";"10";"07";"2024";"18:50";"1";"81";"81070";"1";"3";"1";"3";"Route de Giroussens";"43,79289500";"1,75859800"
"202400001573";"23";"03";"2024";"08:35";"1";"92";"92075";"2";"1";"8";"2";"MARY BESSEYRE (RUE)";"48,82172495";"2,28945681"
"202400001574";"11";"07";"2024";"13:20";"1";"47";"47052";"2";"2";"7";"3";"Avenue d?Albret";"44,31236500";"0,09208600"
"202400001575";"23";"03";"2024";"21:00";"5";"92";"92072";"2";"1";"1";"2";"EUROPE (AVENUE DE L')";"48,82321577";"2,21002239"
"202400001576";"11";"07";"2024";"17:10";"1";"68";"68338";"1";"2";"3";"3";"Route de Colmar";"48,08430800";"7,28881700"
"202400001577";"23";"03";"2024";"11:35";"1";"92";"92020";"2";"2";"1";"3";"TIMBAUD RUE JEAN-PIERRE N° PAIRS";"48,80253000";"2,28616000"
"202400001578";"22";"03";"2024";"23:15";"5";"92";"92040";"2";"3";"2";"3";"FRERES VOISIN (BOULEVARD DES)";"48,82793610";"2,27109271"
"202400001579";"11";"07";"2024";"12:00";"1";"39";"39470";"1";"1";"1";"7";"N/A";"46,50944700";"6,10953000"
"202400001580";"23";"03";"2024";"16:22";"1";"92";"92024";"2";"1";"2";"3";"VICTOR HUGO (BD)";"48,89916849";"2,31326169"
"202400001581";"23";"03";"2024";"01:45";"5";"92";"92023";"2";"9";"9";"3";"PORTE DE TRIVAUX (RUE DE) N°57 A 197 ET";"48,78680460";"2,24527860"
"202400001582";"23";"03";"2024";"19:30";"5";"92";"92012";"2";"1";"2";"3";"VICTOR HUGO (AVENUE) 49/FIN - 60/FIN";"48,83644739";"2,24525356"
"202400001583";"10";"07";"2024";"18:35";"1";"25";"25154";"1";"1";"8";"1";"Route Nationale";"47,11581800";"5,90867000"
"202400001584";"23";"03";"2024";"20:10";"5";"92";"92012";"2";"1";"9";"6";"SILLY (RUE DE) 1/87 - 2/88";"48,83569168";"2,23271991"
"202400001585";"9";"07";"2024";"10:30";"1";"44";"44069";"2";"1";"2";"6";"3 avenue de la brière";"47,33083800";" -2,42370400"
"202400001586";"23";"03";"2024";"14:05";"1";"92";"92012";"2";"1";"2";"3";"ANDRE MORIZET (AVENUE) 1/47 - 2/52";"48,83418332";"2,24262536"
"202400001587";"23";"03";"2024";"09:55";"1";"35";"35176";"2";"2";"1";"6";"Rue de la Résistance";"47,82104575";" -1,82163566"
"202400001588";"23";"03";"2024";"23:40";"3";"37";"37058";"1";"1";"2";"6";"1239 Rue des Gravets";"47,25013500";"0,20341900"
"202400001589";"6";"07";"2024";"18:30";"1";"44";"44111";"1";"2";"1";"3";"l'Arche du Fouan";"47,40749167";" -1,73246563"
"202400001590";"23";"03";"2024";"17:50";"1";"76";"76287";"1";"1";"4";"6";"A 151";"49,56146500";"1,04344400"
"202400001591";"10";"07";"2024";"18:10";"1";"38";"38184";"1";"1";"1";"1";"Communale 7";"45,65370800";"5,08263600"
"202400001592";"24";"03";"2024";"09:20";"1";"71";"71273";"1";"1";"1";"6";"D973";"46,67367600";"3,80538900"
"202400001593";"10";"07";"2024";"11:16";"1";"38";"38529";"1";"1";"1";"1";"Avenue du Golf";"45,12924300";"5,82345800"
"202400001594";"24";"03";"2024";"16:55";"1";"33";"33098";"1";"1";"1";"1";"N/A";"44,68891500";" -0,31575000"
"202400001595";"23";"03";"2024";"19:00";"1";"76";"76210";"2";"1";"2";"3";"Route de Neufchatel";"49,86087700";"1,20246100"
"202400001596";"11";"07";"2024";"13:18";"1";"02";"02634";"2";"1";"1";"6";"56 Grande Rue";"49,70565200";"4,15327200"
"202400001597";"23";"03";"2024";"19:50";"3";"31";"31445";"2";"1";"1";"6";"253 Route de Castres";"43,58448400";"1,55974300"
"202400001598";"11";"07";"2024";"15:00";"1";"50";"50151";"1";"3";"1";"6";"départementale 652";"49,21130400";" -1,55855100"
"202400001599";"24";"03";"2024";"16:10";"1";"51";"51192";"1";"1";"1";"7";"route departementale 3";"49,05800800";"3,60321500"
"202400001600";"24";"03";"2024";"15:15";"1";"974";"97414";"2";"1";"1";"6";"55 Rue Pente des Vacoas";" -21,26682100";"55,43893900"
"202400001601";"11";"07";"2024";"12:45";"1";"50";"50021";"1";"4";"1";"1";"Le Broc";"49,40643600";" -1,25001700"
"202400001602";"23";"03";"2024";"15:45";"1";"59";"59309";"1";"5";"1";"3";"Route de Killem";"50,96894100";"2,57103700"
"202400001603";"11";"07";"2024";"18:07";"1";"18";"18092";"2";"1";"1";"7";"13 Rue des Epinettes";"47,07269400";"2,65060200"
"202400001604";"24";"03";"2024";"03:50";"3";"60";"60380";"2";"1";"2";"6";"Avenue du Grenier à Sel";"49,13850900";"3,08644000"
"202400001605";"10";"07";"2024";"18:00";"1";"36";"36006";"1";"1";"1";"7";"N/A";"46,56928581";"1,49389386"
"202400001606";"22";"03";"2024";"13:23";"1";"63";"63091";"1";"9";"1";"6";" A75 - diff 18 bretelle sortie sens NORD/SUD";"45,42506000";"3,27249900"
"202400001607";"22";"03";"2024";"18:17";"1";"63";"63411";"1";"2";"1";"3";"Autoroute A75 échangeur N°9 sens NORD/SUD";"45,59658300";"3,21972100"
"202400001608";"7";"07";"2024";"17:45";"1";"04";"04031";"1";"1";"1";"1";"D907";"43,92863800";"6,14484400"
"202400001609";"23";"03";"2024";"20:00";"5";"30";"30202";"2";"3";"1";"1";"Avenue André de Philip";"44,25855500";"4,64139100"
"202400001610";"11";"07";"2024";"05:50";"3";"85";"85288";"1";"2";"1";"3";"D21";"46,51698000";" -1,62331400"
"202400001611";"22";"03";"2024";"18:40";"2";"34";"34270";"2";"4";"1";"3";"Route de Sete";"43,58086900";"3,84807400"
"202400001612";"11";"07";"2024";"03:20";"3";"85";"85294";"2";"1";"1";"7";"Rue des sables";"46,35172600";" -1,45111800"
"202400001613";"24";"03";"2024";"00:30";"3";"57";"57426";"1";"2";"2";"3";"Route de Luttange";"49,29235829";"6,27795440"
"202400001614";"8";"07";"2024";"18:20";"1";"17";"17091";"1";"1";"1";"3";"Route de Villedoux";"46,27992100";" -1,07329100"
"202400001615";"14";"03";"2024";"10:45";"1";"57";"57370";"2";"9";"1";"6";"33 Rue de Thionville";"49,39389100";"6,27586500"
"202400001616";"10";"07";"2024";"19:41";"1";"48";"48094";"1";"1";"1";"7";"Route de la Canourgue";"44,35000400";"3,22971800"
"202400001617";"24";"03";"2024";"11:00";"1";"62";"62524";"2";"1";"1";"1";"VC";"50,66240500";"1,82696100"
"202400001618";"27";"05";"2024";"11:40";"1";"52";"52017";"1";"1";"1";"7";"départementale 3";"47,95754200";"4,99618300"
"202400001619";"23";"03";"2024";"16:45";"1";"51";"51171";"1";"1";"2";"7";"Rue de l'église (Gernicourt)";"49,39394500";"3,86813700"
"202400001620";"23";"03";"2024";"23:05";"3";"19";"19229";"1";"1";"1";"6";"lieu-dit les guierles";"45,13477728";"1,44506333"
"202400001621";"24";"03";"2024";"09:05";"1";"61";"61081";"1";"1";"1";"7";"D50 PR3+820";"48,63947300";"0,20901900"
"202400001622";"10";"07";"2024";"14:17";"1";"21";"21581";"1";"1";"2";"6";"A36 PK 179+800 sens BESANCON/BEAUNE";"47,09529600";"5,35344800"
"202400001623";"23";"03";"2024";"22:35";"3";"13";"13045";"1";"1";"1";"1";"Route d'Arles";"43,83263800";"4,74037000"
"202400001624";"22";"03";"2024";"16:27";"1";"02";"02806";"1";"1";"1";"6";"D310";"49,18958500";"3,46580000"
"202400001625";"11";"07";"2024";"09:05";"1";"69";"69206";"1";"1";"1";"2";"Autoroute 6";"46,03431101";"4,72591573"
"202400001626";"24";"03";"2024";"16:00";"1";"26";"26069";"1";"1";"1";"6";"pk 41 D518";"44,82941800";"5,39184100"
"202400001627";"10";"07";"2024";"19:15";"2";"13";"13103";"1";"1";"1";"7";"Autoroute A54, échangeur 13, pk 063.960, direction NIMES";"43,63871301";"5,02529116"
"202400001628";"22";"03";"2024";"17:52";"1";"06";"06105";"2";"7";"1";"3";" Route de Grasse";"43,66227800";"7,05705600"
"202400001629";"24";"03";"2024";"15:24";"1";"60";"60253";"1";"1";"6";"4";"D11";"49,60281200";"2,15872800"
"202400001630";"10";"07";"2024";"15:55";"1";"987";"98722";"1";"1";"1";"1";"RT2, PK 27+500, vers PAPEETE";" -17,59094100";" -149,39065200"
"202400001631";"23";"03";"2024";"23:00";"3";"64";"64082";"1";"2";"1";"3";"D28";"43,45847832";" -1,01572305"
"202400001632";"10";"04";"2024";"13:55";"1";"988";"98802";"1";"1";"1";"2";"RT1 - PORT OUENGHI";" -21,88495600";"166,06976500"
"202400001633";"23";"03";"2024";"18:24";"2";"43";"43018";"1";"2";"7";"3";"D589";"44,98785279";"3,73873712"
"202400001634";"11";"07";"2024";"10:00";"1";"974";"97408";"2";"1";"1";"6";"Avenue de la Palestine";" -20,95962600";"55,32274400"
"202400001635";"20";"02";"2024";"09:40";"1";"27";"27001";"1";"3";"1";"3";"D438";"49,16912000";"0,69482800"
"202400001636";"11";"07";"2024";"17:25";"1";"77";"77089";"1";"2";"1";"3";"D213";"48,49790700";"2,94112200"
"202400001637";"11";"07";"2024";"11:15";"1";"95";"95199";"2";"1";"1";"6";"45 JEAN JAURES (AVENUE)";"49,03193800";"2,33710500"
"202400001638";"18";"03";"2024";"15:34";"1";"17";"17317";"1";"1";"1";"1";"D730";"45,41908000";" -0,63273800"
"202400001639";"24";"03";"2024";"15:40";"1";"73";"73241";"1";"1";"2";"6";"A430 Péage Sainte-Hélène-sur-Isère";"45,62014800";"6,31190600"
"202400001640";"24";"03";"2024";"05:55";"5";"42";"42279";"2";"2";"2";"3";"Route de Saint-Étienne";"45,51276400";"4,26828500"
"202400001641";"10";"07";"2024";"16:40";"1";"78";"78615";"1";"1";"1";"5";"D30";"48,84894100";"1,96138700"
"202400001642";"23";"03";"2024";"00:08";"3";"69";"69050";"1";"1";"1";"3";"Autoroute 89 ";"45,86332228";"4,63455372"
"202400001643";"9";"07";"2024";"20:55";"2";"30";"30211";"2";"1";"1";"1";"Route de Beaucaire";"43,82684200";"4,48903800"
"202400001644";"23";"05";"2024";"16:45";"1";"34";"34157";"2";"1";"1";"6";"boulevard paul valery";"43,42396200";"3,60188500"
"202400001645";"23";"03";"2024";"18:35";"1";"13";"13013";"1";"6";"1";"7";"A52,bretelle entrée, S2,Pk 07.479";"43,41603700";"5,57768600"
"202400001646";"11";"07";"2024";"03:55";"3";"34";"34090";"1";"3";"1";"7";"3 Rue Antoine Blanchemain";"43,66468200";"3,92431900"
"202400001647";"13";"03";"2024";"10:00";"1";"976";"97603";"2";"1";"1";"6";"Hamouro";" -12,88050500";"45,21410500"
"202400001648";"23";"03";"2024";"15:25";"1";"987";"98725";"2";"1";"1";"1";"face tahiti menager";" -17,50620271";" -149,47538853"
"202400001649";"11";"07";"2024";"10:40";"1";"84";"84147";"1";"1";"1";"3";"D973 Y";"43,70292400";"5,44155800"
"202400001650";"23";"03";"2024";"20:50";"5";"971";"97128";"1";"1";"1";"3";"Route de Maudette";"16,23155400";" -61,41786600"
"202400001651";"11";"07";"2024";"14:54";"1";"13";"13059";"1";"6";"1";"2";"d556";"43,66020300";"5,49468800"
"202400001652";"24";"03";"2024";"16:00";"1";"06";"06058";"2";"6";"1";"6";"Route Napoleon";"43,73009600";"6,79289500"
"202400001653";"24";"03";"2024";"04:17";"3";"03";"03298";"1";"1";"2";"6";"N209 route de vichy";"46,29675000";"3,42573100"
"202400001654";"11";"07";"2024";"19:50";"1";"58";"58117";"1";"1";"1";"3";"D47";"47,00754800";"3,09764000"
"202400001655";"24";"03";"2024";"15:55";"1";"38";"38097";"2";"1";"1";"1";"Route de la Plaine";"45,76376600";"5,18542900"
"202400001656";"23";"03";"2024";"19:10";"3";"26";"26233";"1";"1";"1";"7";"Route de Vaison";"44,28827300";"5,10451200"
"202400001657";"13";"05";"2024";"09:15";"1";"67";"67529";"2";"7";"1";"6";"01 rue du Ried";"48,70897500";"7,80094700"
"202400001658";"23";"03";"2024";"05:45";"2";"01";"01262";"2";"3";"1";"3";"160 Faubourg de Lyon";"45,84925300";"5,05087300"
"202400001659";"11";"07";"2024";"18:10";"1";"03";"03100";"2";"2";"1";"3";"carrefour Grande Rue et Rue du port";"46,53374200";"3,74596800"
"202400001660";"23";"03";"2024";"17:20";"1";"01";"01405";"1";"1";"1";"1";"D1083 lieu-dit les tiards";"46,13977600";"5,17056900"
"202400001661";"10";"07";"2024";"20:45";"1";"63";"63213";"1";"1";"1";"3";"Chemin communal";"45,81990200";"3,24894900"
"202400001662";"23";"03";"2024";"14:20";"1";"69";"69254";"1";"1";"1";"6";"Route D'Amplepuis";"45,95060500";"4,42369200"
"202400001663";"23";"03";"2024";"15:52";"1";"86";"86173";"1";"9";"1";"5";"D759";"46,99806000";"0,05239200"
"202400001664";"23";"03";"2024";"22:50";"3";"33";"33067";"2";"1";"2";"6";"N/A";"45,04147800";" -0,58771700"
"202400001665";"23";"03";"2024";"10:45";"1";"22";"22282";"1";"1";"8";"7";"Rue du Guebriant";"48,57453100";" -2,23705900"
"202400001666";"24";"03";"2024";"18:00";"1";"60";"60010";"1";"1";"1";"6";"N/A";"49,20570000";"2,10967800"
"202400001667";"11";"07";"2024";"09:10";"1";"07";"07324";"2";"1";"1";"2";"avenue de lyon";"45,07396200";"4,81739200"
"202400001668";"23";"03";"2024";"04:15";"3";"69";"69199";"1";"1";"1";"2";"Autoroute 7 ";"45,68663786";"4,84650522"
"202400001669";"10";"07";"2024";"15:15";"1";"01";"01202";"2";"1";"1";"3";"8 Rue de l’Industrie";"45,90234700";"5,34594800"
"202400001670";"22";"03";"2024";"14:04";"5";"92";"92050";"1";"1";"1";"2";"A14";"48,89880161";"2,21573659"
"202400001671";"11";"07";"2024";"13:10";"1";"81";"81271";"1";"1";"1";"6";"D38";"43,76838200";"1,72327600"
"202400001672";"23";"03";"2024";"10:45";"1";"93";"93053";"1";"1";"1";"2";"A3";"48,89885000";"2,46940000"
"202400001673";"22";"03";"2024";"17:55";"1";"95";"95176";"1";"1";"1";"2";"A15";"48,98861374";"2,20310397"
"202400001674";"10";"07";"2024";"18:40";"1";"17";"17336";"1";"1";"1";"4";"D137";"45,78328600";" -0,71132200"
"202400001675";"21";"03";"2024";"16:40";"1";"94";"94002";"2";"3";"1";"3";"Rue Etienne Dolet / Allee du 8 Mai 1945";"48,79095000";"2,42573000"
"202400001676";"3";"07";"2024";"19:30";"1";"33";"33322";"1";"3";"1";"3";"N/A";"44,96738600";" -0,64495300"
"202400001677";"22";"03";"2024";"09:30";"1";"987";"98735";"2";"1";"1";"2";"PRINCE HINOI (AVENUE)";" -17,53211330";" -149,55580710"
"202400001678";"22";"03";"2024";"07:55";"1";"987";"98735";"2";"1";"1";"3";"CLEMENCEAU (RUE QTIER MANUHOE)";" -17,53772000";" -149,56320000"
"202400001679";"11";"07";"2024";"11:15";"1";"50";"50444";"1";"1";"1";"1";"D13";"49,04566700";" -0,94923400"
"202400001680";"22";"03";"2024";"18:00";"1";"974";"97411";"2";"1";"1";"6";"MACE (BOULEVARD GABRIEL)";" -20,87274000";"55,44848000"
"202400001681";"10";"07";"2024";"14:10";"1";"14";"14762";"1";"1";"1";"7";"La Baziniere- Maisoncelles (Maisoncelles-la-Jourdan)";"48,81084900";" -0,87091300"
"202400001682";"22";"03";"2024";"18:30";"2";"69";"69388";"2";"1";"1";"6";"Boulevard des Etats-Unis";"45,73853275";"4,86053185"
"202400001683";"9";"07";"2024";"10:50";"1";"22";"22070";"2";"1";"2";"6";"Rue du Grand Trotrieux";"48,56049800";" -3,15136000"
"202400001684";"10";"07";"2024";"17:50";"1";"22";"22162";"2";"1";"1";"6";"Carrefour (Supermarché)";"48,77186000";" -3,03894800"
"202400001685";"22";"03";"2024";"13:00";"1";"69";"69387";"2";"3";"1";"3";"Avenue Jean Jaurès";"45,73429769";"4,83540253"
"202400001686";"22";"03";"2024";"16:30";"1";"69";"69149";"2";"2";"1";"3";"Route de Brignais";"45,72434000";"4,78074000"
"202400001687";"11";"07";"2024";"07:10";"1";"76";"76164";"1";"1";"1";"1";"D490";"49,53144800";"0,75415100"
"202400001688";"22";"03";"2024";"12:15";"1";"69";"69389";"2";"3";"1";"6";"40 Rue Marietton";"45,77555000";"4,80266000"
"202400001689";"9";"07";"2024";"13:15";"1";"62";"62128";"2";"1";"1";"6";"D42";"50,30599300";"2,95141700"
"202400001690";"22";"03";"2024";"19:15";"4";"971";"97107";"2";"1";"1";"1";"DUMANOIR ( ALLEE )";"16,02565000";" -61,57394000"
"202400001691";"11";"07";"2024";"03:00";"3";"59";"59614";"2";"1";"1";"7";"ROUTE NATIONALE";"50,15158800";"3,45996100"
"202400001692";"22";"03";"2024";"13:04";"1";101;101004";"2";"3";"1";"3";"21 Avenue Marechal Juin";"41,93443000";"8,75077000"
"202400001693";"10";"07";"2024";"22:30";"3";"59";"59139";"2";"1";"1";"6";"Rue de Saint-quentin";"50,11738300";"3,41090800"
"202400001694";"10";"07";"2024";"17:52";"1";"91";"91228";"1";"1";"1";"3";"RN 104";"48,61433000";"2,42996000"
"202400001695";"22";"03";"2024";"22:50";"3";"95";"95539";"2";"4";"2";"2";"D301";"49,00589546";"2,35561954"
"202400001696";"10";"07";"2024";"17:30";"1";"91";"91136";"1";"9";"1";"6";"AUTOROUTE A126";"48,71523400";"2,26901800"
"202400001697";"22";"03";"2024";"17:35";"1";"95";"95252";"2";"6";"1";"1";"ANDRE CITROEN (RUE)";"48,98916423";"2,21186221"
"202400001698";"10";"07";"2024";"15:56";"1";"91";"91064";"1";"1";"1";"7";"RN 118";"48,74969048";"2,20813394"
"202400001699";"22";"03";"2024";"16:20";"1";"95";"95582";"2";"3";"1";"6";"D14";"48,97364450";"2,25305431"
"202400001700";"10";"07";"2024";"16:20";"1";"91";"91687";"1";"1";"1";"3";"AUTOROUTE A6";"48,66561000";"2,36327000"
"202400001701";"19";"03";"2024";"16:45";"1";"95";"95210";"2";"9";"1";"6";"D311";"48,97168454";"2,30837882"
"202400001702";"10";"07";"2024";"02:27";"3";"91";"91617";"1";"1";"2";"6";"RN 104";"48,63401000";"2,53522000"
"202400001703";"10";"07";"2024";"19:40";"1";"95";"95277";"1";"1";"1";"2";"A1";"48,98202531";"2,50014325"
"202400001704";"22";"03";"2024";"08:00";"1";"91";"91345";"2";"1";"1";"4";"RUE PDT FRANCOIS MITTERRAND";"48,70050000";"2,29629000"
"202400001705";"22";"03";"2024";"10:35";"1";"91";"91027";"2";"6";"1";"6";"RUE EDOUARD VAILLANT";"48,71240000";"2,40225000"
"202400001706";"10";"07";"2024";"08:20";"1";"93";"93066";"1";"1";"1";"5";"AUTOROUTE A1";"48,90751824";"2,35850551"
"202400001707";"22";"03";"2024";"17:00";"1";"91";"91174";"2";"1";"1";"6";"RUE FERAY";"48,60509000";"2,46987000"
"202400001708";"21";"03";"2024";"10:36";"1";"87";"87085";"2";"1";"1";"6";"LA FONTAINE (RUE)";"45,84666000";"1,24978000"
"202400001709";"22";"03";"2024";"18:45";"2";"86";"86194";"2";"1";"1";"1";"Rue du Faubourg du Pont Neuf";"46,57273200";"0,36238700"
"202400001710";"22";"03";"2024";"17:30";"1";"84";"84007";"2";"1";"1";"6";"FOLCOAUD (COURS DES FRÈRES)";"43,93693000";"4,87136000"
"202400001711";"10";"07";"2024";"07:30";"1";"93";"93029";"1";"1";"1";"4";"A86";"48,91845143";"2,42885396"
"202400001712";"21";"03";"2024";"10:15";"1";"30";"30011";"2";"6";"1";"3";"920 Avenue de la 2e Division Blindee";"43,95821429";"4,75889361"
"202400001713";"9";"07";"2024";"23:40";"3";"95";"95582";"1";"1";"1";"5";"A115";"48,97595969";"2,24215631"
"202400001714";"22";"03";"2024";"14:40";"1";"82";"82033";"2";"2";"1";"3";"Rue de la République";"44,03880000";"1,10872000"
"202400001715";"10";"07";"2024";"19:05";"1";"93";"93051";"1";"1";"1";"2";"A4";"48,83648222";"2,54751096"
"202400001716";"21";"03";"2024";"10:10";"1";"80";"80021";"2";"3";"1";"3";"Rue de Cagny";"49,88665000";"2,31682000"
"202400001717";"9";"07";"2024";"04:30";"3";"77";"77373";"1";"1";"1";"2";"RN104";"48,78755900";"2,61757000"
"202400001718";"1";"07";"2024";"08:30";"2";"44";"44109";"2";"1";"1";"3";"1 Boulevard Gabriel Lauriol";"47,23460496";" -1,56343636"
"202400001719";"11";"03";"2024";"11:45";"1";"77";"77188";"2";"1";"1";"7";"D.39";"48,48620500";"2,75506500"
"202400001720";"9";"07";"2024";"10:28";"1";"45";"45234";"2";"1";"1";"2";"13 Avenue du Parc de l'Etuvée";"47,91763600";"1,92572200"
"202400001721";"20";"03";"2024";"18:05";"1";"77";"77067";"2";"1";"1";"6";"Rue de l'Industrie";"48,58924000";"2,59912000"
"202400001722";"22";"03";"2024";"15:20";"1";"77";"77132";"2";"1";"1";"3";"AV ROBERT SCHUMAN";"48,86883100";"2,79251300"
"202400001723";"4";"03";"2024";"19:35";"5";"14";"14752";"2";"1";"2";"1";"20 Rue d’Aunay";"49,07660900";" -0,65931700"
"202400001724";"22";"03";"2024";"04:00";"3";"77";"77186";"2";"1";"1";"6";"CASCADES (AVENUE DES)";"48,40051000";"2,70756000"
"202400001725";"17";"04";"2024";"16:30";"1";"50";"50099";"2";"1";"1";"6";"boulevard de verdun";"49,30212500";" -1,23799000"
"202400001726";"22";"03";"2024";"00:40";"5";"76";"76296";"2";"2";"1";"3";"LIBERATION (RUE DE LA )";"49,51840000";"0,26399000"
"202400001727";"22";"03";"2024";"18:35";"1";"74";"74010";"1";"1";"1";"3";"LIONEL TERRAY";"45,89779000";"6,11464000"
"202400001728";"7";"07";"2024";"17:35";"5";"988";"98818";"2";"6";"1";"2";"RUE BERTHELOT";" -22,26031000";"166,44470000"
"202400001729";"23";"03";"2024";"00:50";"5";"72";"72181";"2";"1";"2";"6";"RUBILLARD AV N° IMP 57 ET >";"48,01283000";"0,17664000"
"202400001730";"9";"07";"2024";"12:05";"1";"987";"98736";"2";"1";"1";"3";"AFARERII (RUE)";" -17,53381000";" -149,55306000"
"202400001731";"22";"03";"2024";"16:45";"1";"72";"72181";"2";"1";"1";"2";"LEFAUCHEUX PIERRE (BD)";"47,97409000";"0,17337000"