"Num_Acc";"jour";"mois";"an";"hrmn";"lum";"dep";"com";"agg";"int";"atm";"col";"adr";"lat";"long"
"202400001922";"18";"09";"2024";"17:15";"1";"92";"92023";"2";"1";"1";"3";"PETIT CLAMART (ROND POINT DU)";"48,77700837";"2,23025769"
"202400001923";"28";"06";"2024";"02:40";"5";"75";"75111";"2";"3";"1";"3";"BOULEVARD VOLTAIRE";"48,85162800";"2,39048200"
"202400001924";"10";"05";"2024";"10:50";"1";"44";"44143";"2";"6";"1";"3";"180 Rue du Genétais";"47,16136331";" -1,55496130"
"202400001925";"18";"09";"2024";"09:15";"1";"92";"92012";"2";"1";"1";"3";"REINE (ROUTE DE LA) 1/37- 6/80";"48,83897405";"2,24815339"
"202400001926";"9";"07";"2024";"16:50";"1";"75";"75110";"2";"2";"1";"6";"RUE LA FAYETTE";"48,88156400";"2,36582800"
"202400001927";"9";"07";"2024";"00:45";"5";"75";"75110";"2";"2";"1";"3";"RUE LOUIS BLANC";"48,87964000";"2,36810300"
"202400001928";"18";"09";"2024";"09:55";"1";"92";"92004";"2";"1";"1";"3";"GRESILLONS ( AVENUE DES  )";"48,91680587";"2,30621874"
"202400001929";"9";"07";"2024";"15:50";"1";"75";"75109";"2";"2";"1";"6";"RUE DU FAUBOURG MONTMARTRE";"48,87404900";"2,34243000"
"202400001930";"9";"07";"2024";"17:25";"1";"75";"75108";"2";"3";"8";"6";"AVENUE GEORGE V";"48,86759100";"2,30123900"
"202400001931";"17";"09";"2024";"23:15";"5";"92";"92002";"2";"2";"1";"3";"PRESIDENT KENNEDY (50 A LA FIN)";"48,73465955";"2,28538692"
"202400001932";"9";"07";"2024";"12:00";"1";"75";"75101";"2";"1";"1";"7";"QUAI FRANCOIS MITTERRAND";"48,85941200";"2,33639100"
"202400001933";"17";"09";"2024";"17:28";"1";"95";"95580";"2";"1";"1";"7";"D10";"49,08787967";"2,55616925"
"202400001934";"9";"07";"2024";"09:10";"1";"75";"75101";"2";"3";"1";"7";"RUE DE RIVOLI";"48,86534500";"2,32730200"
"202400001935";"18";"09";"2024";"19:40";"5";"39";"39333";"2";"1";"1";"6";"2 Rue du Jura";"46,43059500";"5,72605800"
"202400001936";"9";"07";"2024";"08:15";"1";"75";"75101";"2";"3";"1";"7";"RUE DE RIVOLI";"48,86634600";"2,32730200"
"202400001937";"18";"09";"2024";"16:35";"1";"60";"60337";"2";"2";"7";"3";"Rue de Normandie";"49,44010100";"2,73724800"
"202400001938";"9";"07";"2024";"14:50";"1";"94";"94081";"2";"1";"1";"6";"Avenue Eugène Pelletan";"48,79425800";"2,38513900"
"202400001939";"9";"07";"2024";"14:10";"1";"94";"94046";"2";"3";"1";"6";"Rue Marc Sangnier";"48,80560000";"2,44513000"
"202400001940";"9";"07";"2024";"19:45";"1";"94";"94016";"2";"1";"1";"6";"76 Avenue du Président Wilson";"48,78868100";"2,32453200"
"202400001941";"19";"09";"2024";"15:00";"1";"22";"22121";"2";"3";"1";"1";"Rue Saint Yves";"48,63256100";" -2,98647300"
"202400001942";"9";"07";"2024";"13:35";"1";"93";"93073";"2";"6";"1";"3";"Avenue du Valquiou / Rue du Sausset";"48,97956000";"2,54106000"
"202400001943";"19";"09";"2024";"00:30";"3";"11";"11146";"1";"1";"1";"6";"A61";"43,17839822";"2,48927204"
"202400001944";"9";"07";"2024";"17:08";"1";"93";"93055";"2";"1";"1";"2";"Avenue Aimé Césaire";"48,91392000";"2,41033000"
"202400001945";"9";"07";"2024";"17:50";"1";"93";"93051";"2";"1";"1";"3";"PAUL BELMONDO";"48,83400000";"2,55400000"
"202400001946";"9";"07";"2024";"19:30";"1";"93";"93048";"2";"1";"1";"6";"Boulevard de la Boissière";"48,87775060";"2,45941543"
"202400001947";"18";"09";"2024";"20:30";"3";"31";"31282";"1";"1";"1";"1";"Chemin des Sports";"43,67143400";"1,45661700"
"202400001948";"19";"09";"2024";"08:00";"1";"58";"58089";"1";"1";"1";"3";"pk 24 D33";"47,37102600";"3,21408600"
"202400001949";"8";"07";"2024";"18:31";"1";"93";"93032";"2";"5";"1";"4";"Rue Vaillant Couturier / Rue Hippolyte Pina";"48,87447952";"2,55194619"
"202400001950";"8";"07";"2024";"15:05";"1";"93";"93029";"2";"1";"8";"3";"Rue Roger Salomon";"48,93623000";"2,45602000"
"202400001951";"19";"09";"2024";"08:00";"1";"62";"62849";"1";"1";"1";"3";"D303";"50,40988357";"1,65591154"
"202400001952";"11";"09";"2024";"17:00";"1";"30";"30141";"2";"1";"1";"7";"Chemin de la Garrigue";"44,09797400";"4,68091000"
"202400001953";"9";"07";"2024";"18:15";"1";"93";"93007";"2";"1";"1";"3";"""PAUL VAILLANT COUTURIER (AVENUE """"DU 13";"48,92504000";"2,46444000"
"202400001954";"9";"07";"2024";"14:00";"1";"93";"93001";"2";"1";"1";"6";"Rue Danielle Casanova";"48,91491000";"2,40315000"
"202400001955";"19";"09";"2024";"10:20";"1";"78";"78591";"2";"1";"1";"6";"Rue Fernand Brean";"48,89187300";"1,68084700"
"202400001956";"9";"07";"2024";"08:40";"1";"92";"92062";"2";"1";"1";"4";"DE DION BOUTON (QUAI) DU 29 AU 65";"48,88528916";"2,25092384"
"202400001957";"19";"09";"2024";"13:20";"1";"80";"80088";"1";"2";"1";"1";"D87";"49,92241000";"3,08361800"
"202400001958";"9";"07";"2024";"15:10";"1";"92";"92050";"2";"6";"3";"3";"NERUDA PABLO RUE";"48,89568713";"2,21586943"
"202400001959";"16";"09";"2024";"14:15";"1";"33";"33311";"2";"3";"1";"3";"N/A";"44,68662400";" -0,36585600"
"202400001960";"8";"07";"2024";"01:15";"5";"92";"92049";"2";"2";"1";"7";"ARNOUX AVENUE MAURICE N°1 A 77";"48,81968897";"2,31286409"
"202400001961";"9";"07";"2024";"20:05";"1";"92";"92012";"2";"4";"1";"2";"GENERAL LECLERC (AVENUE DU) 1/33 - 2/58";"48,83317436";"2,24189150"
"202400001962";"9";"07";"2024";"17:40";"1";"92";"92004";"2";"1";"1";"2";"PONT DE CLICHY";"48,91116336";"2,29855925"
"202400001963";"19";"09";"2024";"11:15";"1";"71";"71014";"2";"2";"1";"5";"37 Avenue de la République";"46,95743500";"4,29944200"
"202400001964";"9";"07";"2024";"11:45";"1";"43";"43040";"1";"4";"1";"3";"D588";"45,28745650";"3,36361651"
"202400001965";"19";"09";"2024";"13:45";"1";"61";"61153";"1";"2";"1";"3";"Voie Communale";"48,72542100";" -0,17788400"
"202400001966";"9";"07";"2024";"17:40";"1";"68";"68112";"2";"1";"1";"3";"13 Route de Colmar";"47,90504000";"7,22093500"
"202400001967";"19";"09";"2024";"15:40";"1";"49";"49373";"1";"1";"1";"1";"D960";"47,13888400";" -0,56910000"
"202400001968";"9";"07";"2024";"10:40";"1";"29";"29020";"1";"1";"3";"6";"N165";"48,06922822";" -4,04781781"
"202400001969";"17";"09";"2024";"09:45";"1";"34";"34300";"2";"6";"1";"6";"D18";"43,42337000";"3,31171300"
"202400001970";"10";"07";"2024";"14:00";"1";"83";"83070";"2";"1";"1";"6";"60 Avenue du General Bouvet";"43,13339000";"6,36553600"
"202400001971";"19";"06";"2024";"20:38";"2";"71";"71336";"1";"1";"1";"6";"Route de l’Abergement";"46,72770700";"4,96232000"
"202400001972";"18";"09";"2024";"17:20";"1";"29";"29220";"2";"1";"1";"4";"Rue des Déportés";"47,85750500";" -4,22410400"
"202400001973";"10";"07";"2024";"06:08";"2";"66";"66141";"2";"1";"1";"1";"Avenue Jules Ferry";"42,74376200";"2,91558800"
"202400001974";"7";"07";"2024";"02:30";"3";"83";"83026";"1";"9";"1";"6";"Route de Carcès";"43,44575300";"6,20015100"
"202400001975";"19";"09";"2024";"15:10";"1";"85";"85089";"1";"1";"1";"3";"rd160";"46,73164000";" -1,28665000"
"202400001976";"7";"07";"2024";"12:00";"1";"57";"57556";"1";"1";"1";"7";"D674";"49,05861200";"6,93645500"
"202400001977";"7";"07";"2024";"22:20";"3";"95";"95652";"1";"1";"1";"6";"D922Z";"49,12392284";"2,38462113"
"202400001978";"17";"09";"2024";"11:25";"1";"26";"26124";"1";"1";"1";"3";"N7";"44,82421112";"4,86087084"
"202400001979";"10";"07";"2024";"08:30";"1";"51";"51625";"1";"1";"1";"7";"Pothieres";"48,77185900";"3,41186900"
"202400001980";"10";"07";"2024";"15:50";"1";"56";"56234";"2";"1";"1";"7";"Rue des Régatiers";"47,51298300";" -3,12676400"
"202400001981";"19";"09";"2024";"17:45";"1";"72";"72272";"1";"3";"1";"3";"Lieu Dit La Hauliere Rd13";"47,90248700";"0,69793200"
"202400001982";"10";"07";"2024";"17:35";"1";"77";"77414";"1";"2";"1";"3";"D204";"48,61594700";"3,29344700"
"202400001983";"7";"07";"2024";"13:20";"1";100;100251";"2";"1";"1";"7";"D45";"42,01161800";"9,32464600"
"202400001984";"19";"09";"2024";"15:00";"1";"14";"14231";"1";"1";"1";"1";"3086 Route de Beuvron";"49,20390200";" -0,01838900"
"202400001985";"19";"09";"2024";"07:30";"2";"64";"64145";"2";"3";"1";"1";"Route de Pau";"43,19559100";" -0,27406800"
"202400001986";"18";"09";"2024";"18:00";"1";"73";"73059";"2";"1";"1";"6";"25 Chemin des combettes";"45,72664921";"5,89140138"
"202400001987";"19";"09";"2024";"10:50";"1";"40";"40126";"2";"2";"1";"2";"Route de Dax";"43,70161400";" -0,92972300"
"202400001988";"19";"09";"2024";"05:40";"3";"04";"04110";"1";"1";"1";"6";"RN 85";"44,03595000";"6,10888700"
"202400001989";"18";"09";"2024";"12:45";"1";"85";"85051";"1";"1";"1";"3";"RD137";"46,70558700";" -1,06269100"
"202400001990";"18";"09";"2024";"08:10";"1";"30";"30240";"1";"5";"7";"3";"D120";"44,02510000";"4,19757100"
"202400001991";"19";"09";"2024";"13:15";"1";"69";"69244";"2";"1";"1";"6";"73 Avenue du 11 Novembre 1918";"45,76459300";"4,75811000"
"202400001992";"18";"09";"2024";"21:00";"5";"987";"98715";"2";"1";"1";"3";"RT1, face à la station TOTAL du marché de FAAA";" -17,55581200";" -149,60349200"
"202400001993";"18";"09";"2024";"16:50";"1";"06";"06088";"1";"1";"2";"3";"A8, PK 194.200 sens ITALIE FRANCE";"43,72360700";"7,22830700"
"202400001994";"19";"09";"2024";"10:25";"1";"13";"13032";"1";"2";"1";"5";"Route de Pelissanne";"43,59216400";"5,25421100"
"202400001995";"16";"09";"2024";"14:45";"1";"971";"97103";"1";"6";"2";"6";"Jabrun";"16,23849400";" -61,59210500"
"202400001996";"17";"09";"2024";"15:15";"1";"971";"97115";"2";"1";"1";"1";"Route de Brefort";"16,26250100";" -61,64465200"
"202400001997";"18";"09";"2024";"15:00";"1";"971";"97106";"2";"1";"1";"6";"Rue Felicite Leandre";"16,14963200";" -61,77329600"
"202400001998";"18";"09";"2024";"17:40";"1";"45";"45065";"2";"1";"1";"6";"12 Rue des Iris";"48,27376100";"2,29350900"
"202400001999";"18";"09";"2024";"19:40";"1";"95";"95625";"2";"1";"1";"7";"D66";"49,10365050";"1,96251072"
"202400002000";"18";"09";"2024";"22:00";"3";"84";"84078";"1";"1";"1";"7";"Chemin de l?Île Vieille";"44,23855800";"4,69433800"
"202400002001";"30";"11";"2024";"23:44";"3";"25";"25074";"1";"1";"1";"3";"départementale 41";"47,18298200";"6,70121000"
"202400002002";"19";"09";"2024";"16:45";"1";"84";"84026";"1";"2";"1";"3";"Chemin du Pont de Pile";"43,73021000";"5,36769800"
"202400002003";"19";"09";"2024";"14:50";"1";"84";"84054";"1";"1";"1";"1";"D25";"43,90720000";"5,02386300"
"202400002004";"29";"11";"2024";"11:25";"1";"29";"29195";"1";"1";"1";"3";"D71";"48,60922531";" -4,53049868"
"202400002005";"18";"09";"2024";"16:25";"1";"57";"57160";"2";"1";"1";"6";"44 Rue de la Houve";"49,20837500";"6,69548600"
"202400002006";"1";"12";"2024";"19:15";"3";"14";"14121";"1";"1";"1";"6";"Route de Cahagnolles";"49,16012600";" -0,76536700"
"202400002007";"29";"11";"2024";"23:30";"3";"60";"60516";"1";"1";"9";"1";"Route du Fil";"49,40565900";"1,79496600"
"202400002008";"19";"09";"2024";"17:45";"1";"81";"81099";"2";"1";"1";"1";"15 Rue Denfert Rochereau";"43,90217100";"1,89496500"
"202400002009";"12";"09";"2024";"14:30";"1";"33";"33051";"2";"6";"1";"1";"N/A";"44,64029200";" -0,97348100"
"202400002010";"1";"12";"2024";"15:00";"1";"16";"16071";"1";"1";"1";"5";"D948";"45,92042300";"0,74385200"
"202400002011";"18";"09";"2024";"07:45";"2";"44";"44026";"1";"1";"1";"3";"Route de Paris";"47,29278800";" -1,42281500"
"202400002012";"28";"11";"2024";"14:00";"1";"04";"04049";"2";"9";"1";"6";"Avenue du General de Gaulle";"44,09344700";"6,00946800"
"202400002013";"30";"11";"2024";"23:10";"3";"27";"27226";"2";"3";"1";"3";"Residence Marie Therese Lefebvre";"49,30746600";"1,61320400"
"202400002014";"19";"09";"2024";"00:00";"3";"60";"60341";"1";"1";"1";"5";"N2";"49,08780100";"2,73276300"
"202400002015";"30";"11";"2024";"19:03";"3";"17";"17269";"1";"3";"5";"3";"D730";"45,23382300";" -0,24552900"
"202400002016";"1";"12";"2024";"17:00";"1";"87";"87146";"1";"1";"1";"1";"D420";"45,57678700";"1,48171700"
"202400002017";"18";"09";"2024";"17:15";"1";"13";"13212";"1";"1";"1";"3";"A507 sens Marseille - Aubagne";"43,31899096";"5,42240764"
"202400002018";"1";"12";"2024";"00:45";"3";"24";"24225";"2";"1";"5";"6";"57 Avenue de Bordeaux";"44,84094600";"0,36606600"
"202400002019";"1";"12";"2024";"07:30";"1";"972";"97224";"2";"1";"1";"1";"route départementale 8";"14,65226200";" -61,03221700"
"202400002020";"18";"09";"2024";"13:00";"1";"13";"13215";"1";"1";"1";"4";"A7-Sens Marseille vers Lyon";"43,35196000";"5,36649000"
"202400002021";"30";"11";"2024";"23:55";"3";100;100220";"1";"1";"1";"1";"T20";"42,44069000";"9,20131900"
"202400002022";"30";"11";"2024";"18:00";"5";"83";"83138";"1";"1";"1";"7";"Chemin des Crouïs";"43,60681800";"6,71251800"
"202400002023";"16";"09";"2024";"03:05";"4";"33";"33167";"1";"1";"1";"6";"N/A";"44,81954000";" -0,51984000"
"202400002024";"1";"12";"2024";"11:30";"1";"13";"13030";"1";"1";"1";"2";"D8n";"43,26883595";"5,72542727"
"202400002025";"18";"09";"2024";"18:35";"1";"91";"91064";"1";"1";"1";"3";"RN 118";"48,74473000";"2,19155000"
"202400002026";"2";"11";"2024";"00:01";"3";"13";"13004";"1";"1";"1";"1";"D36";"43,48437600";"4,70811400"
"202400002027";"18";"09";"2024";"01:40";"5";"92";"92036";"1";"1";"1";"6";"A86";"48,93770079";"2,29361057"
"202400002028";"1";"12";"2024";"04:15";"4";"13";"13066";"1";"1";"1";"2";"D907, BOMPAS";"43,88609895";"4,91631746"
"202400002029";"17";"09";"2024";"14:36";"1";"78";"78007";"1";"1";"8";"4";"A13 Y";"48,90058000";"2,00531000"
"202400002030";"30";"11";"2024";"06:00";"3";"70";"70310";"1";"6";"8";"6";"N19";"47,69652700";"6,46697200"
"202400002031";"1";"12";"2024";"08:00";"2";"21";"21265";"2";"1";"5";"6";"74 Route des Grands Crus";"47,24351500";"4,97232400"
"202400002032";"1";"12";"2024";"00:50";"3";"08";"08194";"1";"1";"1";"6";"N/A";"49,70670060";"4,90008152"
"202400002033";"17";"09";"2024";"09:33";"1";"92";"92048";"1";"1";"8";"5";"N118";"48,78596965";"2,22285882"
"202400002034";"1";"12";"2024";"04:15";"4";"55";"55351";"1";"1";"5";"6";"RD 643";"49,53224627";"5,36108789"
"202400002035";"17";"09";"2024";"18:45";"1";"93";"93066";"1";"1";"1";"6";"AUTOROUTE A1";"48,93302862";"2,37638683"
"202400002036";"30";"11";"2024";"00:50";"5";"44";"44109";"1";"2";"1";"2";"Route de Paris";"47,26052300";" -1,49916700"
"202400002037";"17";"09";"2024";"17:10";"1";"93";"93066";"1";"1";"1";"2";"AUTOROUTE A1";"48,91936344";"2,35754643"
"202400002038";"29";"11";"2024";"11:20";"1";"33";"33067";"2";"6";"1";"6";"Place de la Libération";"45,03922600";" -0,55870400"
"202400002039";"17";"09";"2024";"11:40";"1";"93";"93027";"1";"1";"1";"2";"AUTOROUTE A1";"48,93857444";"2,41556063"
"202400002040";"30";"11";"2024";"10:40";"1";"14";"14325";"1";"1";"1";"2";"Route d'Hermanville";"49,28450200";" -0,33153200"
"202400002041";"1";"12";"2024";"12:45";"1";"59";"59285";"1";"1";"8";"7";"D81";"50,25993700";"3,39741500"
"202400002042";"25";"04";"2024";"09:00";"1";"93";"93001";"2";"1";"1";"6";"Avenue Jean Jaurès";"48,91597400";"2,40529200"
"202400002043";"21";"11";"2024";"09:49";"1";"13";"13214";"2";"1";"1";"2";"A507 sens Aubagne- Marseille";"43,33005000";"5,39559000"
"202400002044";"17";"04";"2024";"08:00";"1";"93";"93001";"2";"1";"2";"6";"Avenue Jean Jaurès";"48,91255800";"2,40169000"
"202400002045";"29";"11";"2024";"15:10";"1";"13";"13215";"1";"1";"1";"4";"A7-Sens Lyon vers Marseille";"43,36643455";"5,36080529"
"202400002046";"9";"04";"2024";"18:45";"1";"93";"93001";"2";"1";"1";"2";"Rue du Moutier";"48,91470300";"2,38267300"
"202400002047";"3";"03";"2024";"14:20";"1";"93";"93001";"2";"1";"1";"6";"Avenue de la République";"48,90853000";"2,38721000"
"202400002048";"3";"11";"2024";"12:00";"1";"69";"69266";"1";"1";"1";"4";"Boulevard Périphérique Laurent Bonnevay";"45,78244000";"4,89252000"
"202400002049";"26";"11";"2024";"18:30";"3";"67";"67471";"1";"1";"1";"2";"M35";"48,63491000";"7,72491000"
"202400002050";"4";"03";"2024";"18:00";"1";"93";"93001";"2";"2";"1";"6";"Avenue du Président Roosevelt / Rue des Noyers";"48,91744200";"2,37945200"
"202400002051";"30";"11";"2024";"22:15";"4";"33";"33013";"1";"1";"1";"4";"N/A";"44,86860000";" -0,50260000"
"202400002052";"6";"03";"2024";"17:10";"1";"93";"93001";"2";"5";"1";"3";"Boulevard Félix Faure / Avenue Victor Hugo";"48,90882639";"2,37781318"
"202400002053";"30";"11";"2024";"17:15";"2";"33";"33397";"1";"1";"5";"6";"N/A";"44,90728600";" -0,49111900"
"202400002054";"11";"03";"2024";"18:30";"2";"93";"93001";"2";"1";"2";"3";"Boulevard Félix Faure";"48,90800000";"2,37866000"
"202400002055";"30";"11";"2024";"19:24";"4";"91";"91589";"1";"1";"1";"4";"AUTOROUTE A6";"48,67746000";"2,33815000"
"202400002056";"13";"03";"2024";"16:40";"1";"93";"93001";"2";"1";"1";"5";"Boulevard Félix Faure";"48,90754700";"2,37913500"
"202400002057";"29";"11";"2024";"11:19";"1";"91";"91161";"1";"1";"1";"2";"AUTOROUTE A126";"48,71100000";"2,29750000"
"202400002058";"15";"03";"2024";"11:10";"1";"93";"93001";"2";"7";"1";"6";"Boulevard Edouard Vaillant / Rue Hélène Cochennec";"48,91821000";"2,40198000"
"202400002059";"30";"11";"2024";"02:05";"5";"92";"92050";"1";"1";"1";"2";"A86";"48,89604606";"2,19506712"
"202400002060";"16";"03";"2024";"09:10";"1";"93";"93001";"2";"2";"1";"6";"Avenue Jean Jaurès / Avenue de la République";"48,90382000";"2,39213000"
"202400002061";"29";"11";"2024";"12:39";"1";"78";"78455";"1";"1";"1";"3";"A13";"48,85683400";"2,05519800"
"202400002062";"30";"11";"2024";"07:35";"3";"95";"95127";"1";"1";"1";"6";"A15";"49,04357000";"2,07574000"
"202400002063";"18";"03";"2024";"14:40";"1";"93";"93001";"2";"1";"1";"3";"Avenue Jean Jaurès";"48,91177000";"2,40083600"
"202400002064";"30";"11";"2024";"14:40";"1";"93";"93053";"1";"1";"1";"2";"AUTOROUTE A3";"48,89806947";"2,46934982"
"202400002065";"22";"03";"2024";"13:30";"1";"93";"93001";"2";"1";"1";"6";"SAINT-DENIS (RUE DE)";"48,92205827";"2,37346414"
"202400002066";"28";"03";"2024";"17:00";"1";"93";"93001";"2";"9";"1";"6";"Avenue de la République";"48,90924000";"2,38660300"
"202400002067";"29";"11";"2024";"17:45";"3";"93";"93027";"1";"1";"1";"3";"AUTOROUTE A86";"48,92309613";"2,38217175"
"202400002068";"23";"03";"2024";"21:50";"5";"93";"93001";"2";"1";"2";"6";"Avenue Jean Jaurès";"48,91548000";"2,40490600"
"202400002069";"29";"11";"2024";"22:00";"3";"93";"93010";"1";"1";"1";"2";"AUTOROUTE A3";"48,88936381";"2,47384038"
"202400002070";"10";"02";"2024";"20:55";"5";"93";"93001";"2";"2";"2";"6";"Avenue de la République / Rue Henri Barbusse";"48,90602200";"2,38969500"
"202400002071";"29";"11";"2024";"15:30";"1";"93";"93007";"1";"1";"1";"5";"AUTOROUTE A1";"48,95491941";"2,45727922"
"202400002072";"29";"11";"2024";"11:45";"1";"94";"94073";"1";"1";"1";"2";"A86";"48,76022821";"2,38292839"
"202400002073";"27";"02";"2024";"07:55";"1";"93";"93001";"2";"2";"1";"3";"Rue Achille Domart / Rue du Docteur Pesqué";"48,91379600";"2,38293500"
"202400002074";"21";"02";"2024";"15:13";"1";"93";"93001";"2";"1";"2";"6";"Rue de la Commune de Paris";"48,91168500";"2,38075200"
"202400002075";"3";"07";"2024";"08:40";"1";"13";"13209";"2";"1";"1";"2";"MAZARGUES (AVENUE DE)";"43,25850866";"5,39425023"
"202400002076";"29";"11";"2024";"08:30";"1";"974";"97411";"1";"1";"1";"7";"VAUTHIER (RUE  MARCEL)";" -20,91050000";"55,50187000"
"202400002077";"6";"02";"2024";"07:50";"2";"93";"93001";"2";"2";"1";"6";"Rue du Commandant l'Herminier / Rue Paul Doumer";"48,91723700";"2,38665000"
"202400002078";"17";"09";"2024";"21:50";"5";"988";"98818";"2";"1";"1";"6";"GALLIENI (RUE DU GENERAL)";" -22,27446000";"166,43917000"
"202400002079";"28";"11";"2024";"18:05";"5";"973";"97302";"2";"1";"1";"1";"BADUEL (ROUTE DE)";"4,93600000";" -52,31362000"
"202400002080";"17";"09";"2024";"17:20";"2";"976";"97611";"1";"1";"2";"1";"vahibe-Departementale 3 ( route )";"45,16376000";" -12,78954000"
"202400002081";"28";"11";"2024";"13:55";"1";"973";"97302";"2";"3";"2";"3";"ZEPHIR (ROCADE)";"4,93803657";" -52,30636221"
"202400002082";"17";"09";"2024";"15:15";"1";"974";"97416";"2";"9";"1";"3";"HUBERT DE LISLE(BOULEVARD)";" -21,34365000";"55,47388000"
"202400002083";"28";"11";"2024";"07:30";"2";"973";"97302";"2";"3";"2";"3";"MADELEINE (ROUTE DE LA)";"4,91369000";" -52,32081000"
"202400002084";"17";"09";"2024";"08:15";"1";"974";"97416";"1";"1";"1";"2";"RN03";" -21,31932000";"55,48942000"
"202400002085";"29";"11";"2024";"13:00";"1";"69";"69386";"2";"1";"1";"6";"Avenue Thiers";"45,77010750";"4,86167880"
"202400002086";"17";"09";"2024";"11:45";"1";"974";"97407";"2";"1";"1";"3";"14 JUILLET 1789(AVENUE DU)";" -20,93251000";"55,29487000"
"202400002087";"29";"11";"2024";"03:45";"5";"972";"97213";"1";"9";"1";"2";"MAHAULT";"14,63000000";" -60,99106000"
"202400002088";"26";"11";"2024";"16:55";"1";"972";"97209";"2";"1";"8";"6";"ABBE GREGOIRE (PLACE)";"14,61183000";" -61,07135000"
"202400002089";"17";"09";"2024";"17:03";"1";"973";"97302";"2";"1";"1";"3";"BADUEL (ROUTE DE)";"4,92773000";" -52,29168000"
"202400002090";"16";"09";"2024";"11:30";"1";"69";"69387";"2";"1";"1";"6";"4 Rue Marc Bloch";"45,74802000";"4,84395000"
"202400002091";"29";"11";"2024";"15:03";"1";100;100120";"1";"1";"1";"4";"11 - RT";"42,65056000";"9,44070000"
"202400002092";"28";"11";"2024";"12:20";"1";"971";"97101";"1";"1";"1";"3";"EDOUARD BOTINO (AVENUE)";"16,25693000";" -61,52086000"
"202400002093";"17";"09";"2024";"11:15";"1";"69";"69383";"2";"1";"1";"1";"Cours Lafayette";"45,76355000";"4,85205000"
"202400002094";"28";"11";"2024";"02:07";"5";"971";"97101";"1";"1";"1";"6";"BEAUSOLEIL";"16,27818000";" -61,48160000"
"202400002095";"17";"09";"2024";"18:20";"1";"69";"69388";"2";"2";"8";"6";"245 Avenue Berthelot";"45,73964000";"4,85950000"
"202400002096";"29";"11";"2024";"15:50";"1";101;101004";"2";"3";"1";"3";"#2 Avenue du Docteur Noel Franchini#";"41,93387600";"8,75350700"
"202400002097";"29";"11";"2024";"16:30";"1";"95";"95539";"2";"9";"1";"6";"RENE CASSIN (RUE)";"49,00677000";"2,35124000"