"Num_Acc";"jour";"mois";"an";"hrmn";"lum";"dep";"com";"agg";"int";"atm";"col";"adr";"lat";"long"
"202400002495";"7";"08";"2024";"18:40";"1";"58";"58185";"1";"1";"1";"7";"D121";"47,15439000";"4,12353200"
"202400002496";"29";"04";"2024";"10:40";"1";"94";"94038";"2";"9";"1";"6";"Avenue du Général de Gaulle";"48,78414000";"2,34579000"
"202400002497";"13";"08";"2024";"20:20";"2";"66";"66218";"1";"6";"1";"3";"D68";"42,45094400";"1,95531400"
"202400002498";"29";"04";"2024";"00:02";"3";"94";"94073";"1";"1";"1";"6";"N186B";"48,75362300";"2,37558900"
"202400002499";"29";"11";"2024";"06:55";"2";"02";"02089";"1";"1";"5";"1";"Route de Reims";"49,36443300";"3,38166500"
"202400002500";"28";"04";"2024";"10:15";"1";"94";"94002";"2";"2";"8";"1";"Rue Charles de Gaulle / Rue Véron";"48,81452000";"2,41397000"
"202400002501";"29";"11";"2024";"07:10";"2";"02";"02782";"1";"4";"1";"3";"N/A";"49,91403800";"3,19354500"
"202400002502";"13";"08";"2024";"12:40";"1";"66";"66063";"1";"1";"1";"5";"D900";"42,47429700";"2,84915000"
"202400002503";"29";"04";"2024";"20:00";"1";"93";"93077";"2";"2";"1";"6";"Rue Robert Jumel / Rue Guilbert";"48,88837000";"2,50539000"
"202400002504";"21";"11";"2024";"18:15";"2";"26";"26326";"1";"3";"1";"3";"D59";"44,34162600";"4,79039600"
"202400002505";"10";"08";"2024";"16:50";"1";"72";"72310";"1";"9";"1";"3";"D313 PK 2 +156";"48,03485900";"0,20207800"
"202400002506";"29";"04";"2024";"06:55";"1";"92";"92078";"2";"1";"1";"3";"JEAN JAURES (RUE) (N° IMPAIRS)";"48,93249955";"2,32537687"
"202400002507";"12";"08";"2024";"22:00";"3";"06";"06163";"1";"1";"1";"6";"route départementale 6204";"44,03009900";"7,57969700"
"202400002508";"29";"04";"2024";"19:05";"1";"92";"92050";"2";"1";"1";"6";"BOILEAU RUE";"48,89051807";"2,18184704"
"202400002509";"30";"11";"2024";"07:30";"2";"09";"09173";"1";"1";"1";"6";"D11";"43,05190500";"1,57355000"
"202400002510";"11";"08";"2024";"12:40";"1";"14";"14570";"1";"1";"1";"6";"443 Route de la Petite Chapelle (Saint-Julien-de-Mailloc)";"49,07786800";"0,32669800"
"202400002511";"28";"04";"2024";"05:40";"2";"92";"92044";"2";"2";"1";"2";"ANA. FRANCE(RUE)1A75 ET 2A72";"48,89061295";"2,28639686"
"202400002512";"13";"08";"2024";"15:50";"1";"50";"50096";"1";"1";"1";"1";"La Boutronnerie";"49,63580700";" -1,37071600"
"202400002513";"29";"04";"2024";"10:30";"1";"92";"92025";"2";"7";"1";"6";"GABRIEL PERI (RUE)";"48,91457000";"2,22931000"
"202400002514";"13";"08";"2024";"15:00";"1";"50";"50491";"1";"1";"1";"1";"Château de Rochefort";"49,19520500";" -1,01081700"
"202400002515";"25";"04";"2024";"08:50";"1";"92";"92024";"2";"1";"1";"3";"ANATOLE FRANCE (RUE)";"48,89804426";"2,30450925"
"202400002516";"29";"11";"2024";"14:45";"1";"64";"64147";"1";"1";"1";"3";"D21";"43,44042500";" -1,32247400"
"202400002517";"12";"08";"2024";"20:40";"2";"90";"90028";"1";"1";"1";"6";"D21";"47,53461700";"7,09173900"
"202400002518";"29";"11";"2024";"23:35";"3";"64";"64078";"1";"1";"1";"7";"pk 16 D834";"43,45685300";" -0,32737000"
"202400002519";"13";"08";"2024";"03:30";"3";"45";"45069";"1";"1";"1";"6";"D438 PR 0 + 110";"48,05942400";"2,30123200"
"202400002520";"29";"04";"2024";"16:56";"1";"92";"92007";"2";"1";"1";"2";"PETIT (AVENUE ALBERT) N° 39 A FIN";"48,79590383";"2,31757808"
"202400002521";"30";"11";"2024";"08:18";"1";"64";"64518";"2";"1";"1";"6";"Rue de la Castagnère";"43,30770000";" -0,26077500"
"202400002522";"13";"08";"2024";"17:15";"1";"16";"16393";"1";"1";"1";"6";"N/A";"45,74433000";"0,14621300"
"202400002523";"12";"08";"2024";"15:00";"1";"24";"24516";"1";"1";"1";"7";"RD60 Route de Brive";"44,97531800";"1,33121300"
"202400002524";"15";"04";"2024";"20:30";"2";"60";"60004";"1";"2";"1";"3";"D22";"49,55865538";"1,94178790"
"202400002525";"29";"11";"2024";"03:00";"3";"53";"53096";"1";"1";"1";"6";"N12";"48,30058450";" -0,96698047"
"202400002526";"13";"08";"2024";"13:40";"1";"85";"85029";"1";"1";"1";"6";"RD 758_Route de beauvoir";"46,96392000";" -2,00474000"
"202400002527";"29";"11";"2024";"15:30";"2";"53";"53062";"2";"1";"1";"3";"10 Route de Sablé (Château-Gontier)";"47,83144228";" -0,68984270"
"202400002528";"28";"03";"2024";"08:10";"1";"60";"60403";"1";"1";"1";"4";"D901";"49,50789200";"2,01672100"
"202400002529";"12";"08";"2024";"12:25";"1";"27";"27498";"2";"3";"1";"1";"1 Rue Dupont de l?Eure";"49,14995600";"0,83036400"
"202400002530";"29";"11";"2024";"21:25";"3";"85";"85130";"1";"1";"5";"2";"RD 948";"46,77497600";" -1,67568300"
"202400002531";"28";"04";"2024";"19:45";"2";"33";"33144";"2";"2";"1";"3";"N/A";"44,38915100";" -0,22085300"
"202400002532";"13";"08";"2024";"09:35";"1";"48";"48079";"1";"1";"7";"6";"D14";"44,82869600";"3,43780900"
"202400002533";"9";"08";"2024";"03:51";"3";"48";"48034";"2";"1";"1";"6";"D998";"44,41699600";"3,23200000"
"202400002534";"30";"04";"2024";"16:15";"1";"81";"81297";"2";"1";"1";"6";"7 Avenue de la Martelle";"43,91754100";"2,07846000"
"202400002535";"28";"11";"2024";"10:35";"1";"37";"37281";"1";"3";"2";"1";"D142";"47,40459100";"0,81986500"
"202400002536";"30";"04";"2024";"16:30";"1";"01";"01288";"1";"9";"1";"7";"Route de Chanvière";"46,19915600";"5,93377600"
"202400002537";"12";"08";"2024";"11:10";"1";"48";"48094";"1";"1";"1";"3";"Route Departementale 907 Bis (Les Vignes)";"44,30300600";"3,27104000"
"202400002538";"29";"11";"2024";"12:40";"1";"30";"30212";"2";"3";"1";"3";"D6101";"43,94163000";"4,57285000"
"202400002539";"13";"08";"2024";"10:45";"1";"52";"52365";"1";"1";"1";"7";"Bricon";"48,06509873";"4,94803088"
"202400002540";"10";"04";"2024";"11:35";"1";"29";"29189";"1";"1";"2";"2";"RN165";"48,38396312";" -4,39024191"
"202400002541";"29";"04";"2024";"02:00";"3";"41";"41252";"1";"1";"9";"6";"A10, PK 141.500";"47,69289500";"1,43543200"
"202400002542";"12";"08";"2024";"17:55";"1";"67";"67176";"1";"1";"1";"1";"D1062";"48,89454800";"7,65821200"
"202400002543";"29";"04";"2024";"09:52";"1";"65";"65010";"1";"2";"2";"3";"D817";"43,19707300";"0,15652300"
"202400002544";"12";"08";"2024";"18:00";"1";"30";"30169";"1";"1";"1";"1";"D135";"43,77289100";"4,33213200"
"202400002545";"13";"08";"2024";"10:14";"1";"69";"69244";"2";"1";"1";"6";"14 Avenue Général Leclerc";"45,76103400";"4,77493800"
"202400002546";"12";"08";"2024";"07:58";"1";"07";"07031";"1";"1";"1";"7";"RD252 route du bois de paiolive (Casteljau)";"44,39354600";"4,21254900"
"202400002547";"29";"04";"2024";"15:30";"1";"51";"51163";"1";"1";"1";"3";"route départementale 243 PK 003+000";"48,84977100";"3,83950700"
"202400002548";"12";"08";"2024";"21:30";"3";"28";"28092";"1";"1";"1";"6";"Autoroute A10 PK 052+000";"48,33494200";"1,86638800"
"202400002549";"30";"04";"2024";"15:50";"1";"79";"79123";"1";"1";"1";"7";"N/A";"46,78669100";" -0,65055400"
"202400002550";"13";"08";"2024";"11:20";"1";"974";"97417";"2";"1";"1";"1";"21 Rue Leconte de Lisle";" -21,36039400";"55,76442900"
"202400002551";"29";"04";"2024";"16:35";"1";101;101228";"2";"4";"7";"3";"Intersection avec chemin de Cruciata - RD55";"41,84630200";"8,78292700"
"202400002552";"11";"08";"2024";"19:15";"3";"973";"97311";"1";"1";"1";"7";"route du fleuve";"5,36001600";" -54,08530700"
"202400002553";"29";"04";"2024";"10:30";"1";101;101130";"1";"1";"1";"1";"T40";"41,88333300";"8,95460800"
"202400002554";"5";"03";"2024";"13:45";"1";"82";"82018";"1";"2";"1";"3";"D78 / chemin de saoulous";"44,09789500";"1,51089900"
"202400002555";"25";"04";"2024";"21:00";"3";"81";"81070";"1";"1";"2";"7";"A68";"43,78815300";"1,74179600"
"202400002556";"11";"08";"2024";"19:59";"3";"973";"97312";"1";"1";"1";"1";"N1";"5,34139700";" -52,92935000"
"202400002557";"12";"08";"2024";"02:30";"3";"973";"97305";"1";"1";"1";"2";"Route Nationale PK 22.500";"5,00016700";" -52,45713100"
"202400002558";"29";"04";"2024";"17:00";"1";"89";"89268";"1";"2";"2";"1";"D84";"47,95518600";"3,61089700"
"202400002559";"13";"08";"2024";"02:50";"3";"66";"66037";"2";"1";"1";"6";"D81a";"42,69507300";"3,02524700"
"202400002560";"29";"04";"2024";"21:40";"3";"41";"41232";"1";"1";"1";"6";"Route de Marcilly";"47,43424200";"2,02652700"
"202400002561";"13";"08";"2024";"13:45";"1";"05";"05178";"1";"1";"1";"6";"D942";"44,36278539";"5,88094711"
"202400002562";"29";"04";"2024";"05:45";"2";"68";"68258";"1";"9";"1";"1";"D2";"47,82621200";"7,28522800"
"202400002563";"9";"06";"2024";"14:45";"1";"68";"68327";"1";"1";"1";"6";"Chemin de la grotte";"47,62249400";"7,41040700"
"202400002564";"30";"04";"2024";"14:50";"1";"68";"68165";"1";"1";"1";"7";"D21biii";"47,43700900";"7,34512100"
"202400002565";"13";"08";"2024";"08:40";"1";"55";"55410";"1";"1";"1";"1";"Rue Haute";"49,49353900";"5,32053700"
"202400002566";"30";"04";"2024";"09:20";"1";"31";"31493";"1";"1";"2";"2";"D5";"43,22588100";"0,74797200"
"202400002567";"9";"08";"2024";"15:30";"1";"03";"03173";"2";"1";"7";"2";"Rue de la Broche";"46,47384900";"3,95805500"
"202400002568";"14";"07";"2024";"14:27";"1";"73";"73116";"1";"1";"1";"7";"D926 Route des arves";"45,22637101";"6,30915132"
"202400002569";"30";"04";"2024";"10:50";"1";"66";"66149";"2";"3";"3";"6";"Avenue Pau Casals";"42,61545800";"2,41804400"
"202400002570";"30";"04";"2024";"13:35";"1";"64";"64273";"1";"1";"1";"7";"CD 22";"43,26559700";" -1,22779700"
"202400002571";"9";"08";"2024";"06:28";"1";"38";"38407";"1";"3";"1";"1";"Route de Voreppe";"45,31463700";"5,65083700"
"202400002572";"27";"04";"2024";"12:15";"1";"21";"21032";"1";"1";"2";"7";"D33";"46,99135700";"4,61934900"
"202400002573";"29";"04";"2024";"14:10";"1";"24";"24087";"1";"1";"2";"3";"2069 Route de Beynac (Castels)";"44,85646600";"1,06992800"
"202400002574";"9";"08";"2024";"10:35";"1";"31";"31451";"2";"2";"7";"1";"Rue Clémence Isaure";"43,45287200";"1,99376100"
"202400002575";"12";"08";"2024";"14:45";"1";"17";"17093";"2";"1";"1";"6";"8 Rue Marechal Foch";"45,88525500";" -1,19601300"
"202400002576";"30";"04";"2024";"09:50";"1";"85";"85280";"1";"1";"1";"2";"le lavre";"46,85145300";" -1,92123400"
"202400002577";"30";"04";"2024";"05:30";"3";"17";"17347";"1";"3";"1";"7";"Rue de Fossemagne";"45,92735500";" -0,51603800"
"202400002578";"11";"08";"2024";"13:25";"1";"33";"33494";"1";"1";"1";"1";"N/A";"44,94100300";" -0,83601200"
"202400002579";"29";"04";"2024";"13:00";"1";"30";"30091";"1";"1";"1";"7";"Route d'Aubais";"43,76428200";"4,15957900"
"202400002580";"9";"08";"2024";"18:09";"1";"62";"62894";"1";"1";"1";"6";"A16";"50,77568812";"1,65384039"
"202400002581";"30";"04";"2024";"07:30";"1";"52";"52438";"1";"3";"1";"1";"N19";"47,80615100";"5,55747800"
"202400002582";"10";"08";"2024";"18:40";"1";"62";"62351";"1";"1";"1";"2";"A21";"50,43180490";"2,89351717"
"202400002583";"28";"04";"2024";"16:10";"1";"08";"08412";"2";"1";"1";"7";"Rue de Fontenelle";"49,31724200";"4,83049800"
"202400002584";"5";"08";"2024";"11:15";"1";"78";"78291";"1";"1";"1";"4";"A13";"48,96907500";"1,73933800"
"202400002585";"30";"04";"2024";"12:05";"1";"973";"97307";"2";"2";"1";"3";"RN 2";"4,85432300";" -52,33264400"
"202400002586";"11";"08";"2024";"04:20";"5";"92";"92050";"1";"1";"1";"3";"A14";"48,89973557";"2,21198323"
"202400002587";"29";"04";"2024";"14:15";"1";"31";"31230";"1";"1";"2";"3";"avenue de toulouse";"43,72071500";"1,43349100"
"202400002588";"12";"08";"2024";"16:40";"1";"95";"95394";"1";"1";"1";"7";"A115";"49,05087297";"2,18852857"
"202400002589";"28";"04";"2024";"17:18";"1";"01";"01033";"1";"1";"3";"6";"A 40 PK 104+180 direction Macon";"46,16008800";"5,77889000"
"202400002590";"12";"08";"2024";"13:10";"1";"93";"93027";"1";"1";"1";"2";"AUTOROUTE A1";"48,93723664";"2,41061500"
"202400002591";"29";"04";"2024";"10:30";"1";"11";"11262";"1";"1";"3";"3";"Autoroute A61 PR 375+650";"43,15366500";"2,96109400"
"202400002592";"12";"08";"2024";"07:35";"1";"93";"93013";"1";"1";"1";"2";"AUTOROUTE A1";"48,94022999";"2,42355031"
"202400002593";"28";"04";"2024";"05:15";"3";"987";"98714";"2";"1";"1";"6";"nunue";" -16,38800000";" -151,76500000"
"202400002594";"28";"04";"2024";"11:25";"1";"987";"98722";"1";"1";"1";"1";"RT2 PK 19.200  à PAPENOO";" -17,51619600";" -149,40994300"
"202400002595";"12";"08";"2024";"00:49";"5";"93";"93029";"1";"1";"1";"3";"AUTOROUTE A86";"48,92501602";"2,42564723"
"202400002596";"28";"04";"2024";"19:50";"5";"988";"98814";"2";"3";"1";"3";"Tribu de Hnassé";" -20,91347000";"167,25971000"
"202400002597";"11";"08";"2024";"20:40";"1";"93";"93066";"1";"1";"1";"6";"AUTOROUTE A86";"48,92248535";"2,35610341"
"202400002598";"12";"08";"2024";"12:40";"1";"94";"94011";"1";"1";"1";"6";"N406";"48,76174912";"2,49312615"
"202400002599";"11";"04";"2024";"15:05";"1";"14";"14083";"2";"1";"1";"7";"Route du Cimetière";"49,21976705";"0,06970570"
"202400002600";"29";"04";"2024";"08:24";"1";"78";"78442";"2";"6";"7";"2";"Place Mancest";"48,81412500";"1,90316700"
"202400002601";"24";"02";"2024";"23:03";"3";"14";"14106";"1";"1";"9";"1";"D513";"49,22177400";" -0,23657600"
"202400002602";"29";"04";"2024";"09:00";"1";"83";"83115";"2";"1";"1";"6";"Avenue du 8 Mai 1945";"43,31114700";"6,63304400"
"202400002603";"30";"04";"2024";"01:00";"3";"83";"83042";"1";"1";"1";"6";"N 98";"43,25026300";"6,54704700"
"202400002604";"12";"08";"2024";"06:30";"2";"988";"98818";"2";"3";"1";"3";"RUE DU MONT TE/RUE MAXIMILIEN BERTHELIN";" -22,25361000";"166,45674000"
"202400002605";"27";"04";"2024";"14:30";"1";"67";"67348";"2";"1";"1";"2";"28 Route de Boersch";"48,46641300";"7,47118100"
"202400002606";"11";"08";"2024";"12:45";"1";"976";"97611";"2";"6";"1";"3";"kaweni-Grande Traverse (rue de la)";" -12,77580000";"45,22459000"
"202400002607";"11";"08";"2024";"11:00";"1";"974";"97416";"1";"1";"1";"6";"ENTRE DEUX(route de l')";" -21,29050000";"55,45091000"
"202400002608";"29";"04";"2024";"09:40";"1";"69";"69255";"1";"1";"2";"1";"18 Rue de Lyon";"45,73545900";"4,66820800"
"202400002609";"11";"08";"2024";"03:40";"5";"69";"69383";"2";"1";"1";"3";"Cours Richard Vitton";"45,75312000";"4,89460000"
"202400002610";"25";"04";"2024";"20:15";"2";"22";"22262";"2";"1";"1";"1";"Rue des Forges";"48,40485100";" -2,91034700"
"202400002611";"30";"04";"2024";"09:50";"1";"22";"22390";"1";"1";"1";"7";"Lieu Dit Pan Bras";"48,70756000";" -3,06444000"
"202400002612";"11";"08";"2024";"06:00";"2";"972";"97213";"1";"1";"1";"6";"CROIX RIVAIL";"14,60910000";" -60,95389000"
"202400002613";"28";"04";"2024";"09:35";"1";"62";"62560";"2";"1";"2";"3";"D191";"50,81553961";"1,70189065"
"202400002614";"10";"08";"2024";"23:16";"5";"972";"97213";"1";"9";"1";"3";"ROUTE NATIONALE 1";"14,61602900";" -61,00903100"
"202400002615";"29";"04";"2024";"14:00";"1";"42";"42237";"1";"1";"1";"2";"A72";"45,44522600";"4,42756300"
"202400002616";"11";"08";"2024";"08:00";"1";"69";"69202";"2";"3";"1";"3";"Avenue de l'Aqueduc de Beaunant";"45,72441527";"4,78063807"
"202400002617";"29";"04";"2024";"16:50";"1";"91";"91434";"1";"1";"1";"2";"AUTOROUTE A6";"48,66832500";"2,35436100"
"202400002618";"11";"08";"2024";"02:00";"5";"69";"69381";"2";"3";"1";"3";"Quai de la Pêcherie";"45,76681000";"4,83007000"
"202400002619";"29";"04";"2024";"18:13";"1";"92";"92002";"1";"1";"1";"3";"RN 385";"48,76006049";"2,28033350"
"202400002620";"11";"08";"2024";"20:05";"1";"91";"91136";"2";"9";"1";"3";"RTE NATIONALE 7";"48,70561100";"2,27793000"
"202400002621";"29";"04";"2024";"15:00";"1";"91";"91692";"1";"1";"1";"3";"RD 188 CHEVREUSE";"48,69280100";"2,17319300"
"202400002622";"4";"08";"2024";"01:07";"5";"86";"86194";"2";"9";"1";"2";"Rue du Fbg de la Cueille Mirebalaise";"46,59637400";"0,32943700"
"202400002623";"29";"04";"2024";"11:35";"1";"94";"94034";"1";"1";"1";"5";"A86";"48,75884006";"2,32440976"
"202400002624";"29";"04";"2024";"07:45";"1";"94";"94065";"1";"1";"1";"3";"A106";"48,76003747";"2,34634112"
"202400002625";"11";"08";"2024";"23:00";"3";"84";"84087";"1";"2";"1";"3";"ROUTE DE CHATEAUNEUF";"44,11102000";"4,80672000"
"202400002626";"28";"04";"2024";"17:35";"1";"78";"78423";"1";"1";"1";"6";"A12 W";"48,78519600";"2,03490000"
"202400002627";"11";"08";"2024";"10:20";"1";"83";"83126";"2";"5";"1";"3";"RD POINT DU 8 MAI";"43,10770000";"5,87710000"
"202400002628";"28";"04";"2024";"16:55";"1";"92";"92048";"1";"1";"1";"4";"N118";"48,79379358";"2,21880725"
"202400002629";"11";"08";"2024";"15:55";"1";"76";"76212";"2";"3";"7";"7";"Rue de la Table de Pierre";"49,44195070";"1,16497000"
"202400002630";"29";"04";"2024";"20:38";"2";"93";"93053";"1";"1";"1";"7";"A86";"48,90199338";"2,46851218"
"202400002631";"11";"08";"2024";"14:10";"1";"69";"69259";"2";"4";"1";"3";"16 Boulevard Ambroise Croizat";"45,70308000";"4,88745000"
"202400002632";"29";"04";"2024";"17:05";"1";"93";"93064";"1";"1";"1";"3";"A86";"48,87190855";"2,48124719"
"202400002633";"11";"08";"2024";"23:00";"5";"67";"67218";"2";"1";"1";"7";"GENERAL LIBERMANN (RUE DU)";"48,51978000";"7,71618700"
"202400002634";"11";"08";"2024";"20:03";"1";"67";"67482";"2";"1";"1";"6";"THUMENAU (RUE DE LA)";"48,57189000";"7,75548000"
"202400002635";"29";"04";"2024";"08:05";"1";"93";"93008";"1";"1";"1";"3";"A86";"48,90968596";"2,44631612"
"202400002636";"11";"08";"2024";"20:35";"2";"67";"67482";"2";"1";"1";"6";"MAIRE KUSS (RUE DU)";"48,58388000";"7,73734000"
"202400002637";"28";"04";"2024";"21:45";"3";"92";"92078";"1";"1";"1";"4";"AUTOROUTE A86";"48,92915584";"2,32918032"
"202400002638";"11";"08";"2024";"18:58";"1";"64";"64024";"2";"1";"1";"3";"SOURCES (PROMENADE DES)";"43,49472000";" -1,54485000"
"202400002639";"29";"04";"2024";"13:00";"1";"94";"94065";"1";"1";"1";"3";"N186";"48,75412388";"2,35158219"
"202400002640";"11";"08";"2024";"12:15";"1";"59";"59512";"2";"1";"1";"6";"NATIONS UNIES (AVENUE DES)";"50,69426000";"3,17298000"
"202400002641";"11";"08";"2024";"09:26";"1";"56";"56260";"2";"3";"1";"3";"Avenue de la Marne";"47,65994000";" -2,78695000"
"202400002642";"10";"08";"2024";"05:30";"3";"54";"54099";"1";"1";"1";"6";"D906";"49,27401000";"5,95872000"
"202400002643";"28";"04";"2024";"23:49";"3";"77";"77296";"1";"1";"1";"5";"A5b";"48,62890000";"2,62884200"
"202400002644";"10";"08";"2024";"22:40";"3";"36";"36159";"2";"3";"1";"3";"Rue de Cantinier";"46,79672989";"1,72995508"
"202400002645";"27";"04";"2024";"23:25";"5";"988";"98818";"2";"1";"1";"6";"RUE JACQUES IEKAWE";" -22,24068000";"166,47050000"
"202400002646";"18";"07";"2024";"21:15";"2";"34";"34108";"2";"1";"1";"6";"LIBERATION (AVENUE DE LA)";"43,44921000";"3,75701000"
"202400002647";"11";"08";"2024";"17:05";"1";"34";"34172";"2";"1";"1";"7";"JUVENAL (PONT)";"43,60619000";"3,89833000"
"202400002648";"11";"08";"2024";"16:30";"1";"33";"33529";"2";"1";"1";"2";"N/A";"44,61180000";" -1,20270000"
"202400002649";"10";"08";"2024";"15:00";"1";"29";"29232";"1";"1";"7";"6";"Route de Rosporden";"47,98722753";" -4,05001425"
"202400002650";"11";"08";"2024";"09:25";"1";"27";"27229";"1";"1";"1";"6";"ALLENDE (BOULEVARD DU PRESIDENT)";"49,00328000";"1,14961000"
"202400002651";"11";"08";"2024";"23:50";"3";"22";"22113";"1";"6";"1";"7";"BOUTIL (LIEU-DIT)";"48,72386000";" -3,43113000"
"202400002652";"10";"08";"2024";"12:05";"1";"14";"14117";"2";"2";"1";"3";"58 Avenue de la Brèche Buhot";"49,28592000";" -0,12257000"
"202400002653";"11";"08";"2024";"14:00";"1";"13";"13208";"2";"1";"1";"1";"MENDES FRANCE (AVENUE)";"43,25842000";"5,37873000"
"202400002654";"11";"08";"2024";"21:14";"3";"12";"12145";"1";"1";"1";"1";"D911";"44,12919327";"3,04589868"
"202400002655";"9";"08";"2024";"22:00";"5";"06";"06104";"2";"1";"1";"6";"2a Avenue Paul Doumer";"43,76067500";"7,46445200"
"202400002656";"9";"08";"2024";"11:55";"1";"75";"75112";"2";"1";"1";"2";"BD PERIPHERIQUE INTERIEUR";"48,82847100";"2,39741800"
"202400002657";"10";"08";"2024";"22:00";"5";"75";"75120";"1";"1";"1";"2";"BD PERIPHERIQUE INTERIEUR";"48,87053600";"2,41322400"
"202400002658";"11";"08";"2024";"13:25";"1";"75";"75117";"2";"2";"1";"6";"RUE GUSTAVE CHARPENTIER";"48,88260200";"2,28271100"
"202400002659";"10";"08";"2024";"20:48";"2";"75";"75117";"2";"5";"1";"3";"AVENUE DE WAGRAM";"48,88094500";"2,30028000"
"202400002660";"11";"08";"2024";"13:40";"1";"75";"75116";"2";"7";"1";"2";"PLACE VICTOR HUGO";"48,86963202";"2,28506881"
"202400002661";"11";"08";"2024";"02:45";"5";"75";"75113";"2";"1";"1";"7";"RUE JEANNE D ARC";"48,83550100";"2,36072300"
"202400002662";"11";"08";"2024";"15:19";"1";"75";"75110";"2";"3";"1";"1";"RUE DU HUIT MAI 1945";"48,87638800";"2,35751000"
"202400002663";"11";"08";"2024";"04:05";"5";"75";"75110";"2";"2";"1";"3";"BOULEVARD DE LA CHAPELLE";"48,88361800";"2,34954600"
"202400002664";"11";"08";"2024";"18:30";"1";"75";"75104";"2";"2";"1";"2";"BOULEVARD BOURDON";"48,84748400";"2,36561800"
"202400002665";"11";"08";"2024";"16:50";"1";"75";"75101";"2";"3";"1";"6";"RUE DE RIVOLI";"48,86216000";"2,33716000"
"202400002666";"10";"08";"2024";"21:30";"5";"94";"94044";"2";"1";"1";"3";"Avenue Descartes";"48,74068000";"2,48324000"
"202400002667";"11";"08";"2024";"14:33";"1";"93";"93070";"2";"9";"1";"6";"Rue des Rosiers";"48,90430900";"2,33872700"
"202400002668";"11";"08";"2024";"19:05";"1";"93";"93064";"2";"1";"1";"3";"Rue Leon Blum / Centre commercial Westfield Rosny 2";"48,88153000";"2,48012000"
"202400002669";"10";"08";"2024";"17:40";"1";"92";"92012";"2";"1";"1";"3";"JEAN JAURES (BOULEVARD) 1/61 - COTE IMPA";"48,84331808";"2,23804379"
"202400002670";"11";"08";"2024";"17:40";"1";"31";"31558";"1";"1";"1";"6";"D2";"43,47126600";"1,74011000"
"202400002671";"10";"08";"2024";"17:24";"1";"974";"97415";"2";"1";"1";"7";"184 Rue Joseph Hubert";" -21,05839800";"55,26599000"
"202400002672";"12";"08";"2024";"16:10";"1";"54";"54322";"1";"1";"1";"3";"D618";"49,47181900";"5,59674000"
"202400002673";"12";"08";"2024";"10:51";"1";"22";"22164";"1";"1";"1";"7";"RN12 PR 100+000";"48,56878400";" -3,28638000"
"202400002674";"11";"08";"2024";"14:20";"1";"62";"62086";"1";"2";"1";"3";"N25";"50,21814247";"2,57834556"
"202400002675";"11";"08";"2024";"22:40";"3";"95";"95056";"1";"1";"1";"6";"D85";"49,10141709";"2,36129769"
"202400002676";"11";"08";"2024";"19:57";"1";"62";"62759";"1";"1";"1";"6";"route du mont des anglais";"50,66715800";"1,87987400"
"202400002677";"11";"08";"2024";"18:45";"1";"19";"19058";"1";"1";"1";"6";"D1089 / Intersection D47E1";"45,47733127";"2,18012202"
"202400002678";"11";"08";"2024";"03:10";"4";"19";"19176";"2";"1";"1";"7";"D1089";"45,38049062";"2,01336508"
"202400002679";"11";"08";"2024";"15:20";"1";"56";"56251";"1";"1";"1";"6";"La Madeleine";"47,63568200";" -2,66504000"