"Num_Acc";"jour";"mois";"an";"hrmn";"lum";"dep";"com";"agg";"int";"atm";"col";"adr";"lat";"long"
"202400002680";"11";"08";"2024";"13:00";"1";100;100354";"1";"8";"1";"6";"RT20";"42,13646200";"9,14604300"
"202400002681";"8";"08";"2024";"08:04";"1";"69";"69108";"1";"8";"1";"3";"Route des Allumeaux";"46,17280004";"4,74119143"
"202400002682";"12";"08";"2024";"13:35";"1";"11";"11299";"1";"1";"1";"5";"N/A";"43,13805600";"2,30062700"
"202400002683";"11";"08";"2024";"09:15";"1";"61";"61126";"1";"1";"1";"7";"D251";"48,51973100";"0,38447300"
"202400002684";"9";"08";"2024";"11:05";"1";"55";"55013";"1";"5";"1";"3";"D66a";"49,41412100";"5,66314100"
"202400002685";"12";"08";"2024";"10:40";"1";"12";"12052";"2";"6";"1";"3";"Boulevard Francois Mitterrand";"44,55718300";"2,07182900"
"202400002686";"9";"08";"2024";"19:00";"1";"39";"39074";"2";"1";"1";"6";"22 Rue de la Fontaine";"47,23143200";"5,56430000"
"202400002687";"11";"08";"2024";"04:30";"3";"44";"44053";"2";"1";"1";"6";"14 Rue du Vinet";"47,47178000";" -2,05937200"
"202400002688";"11";"08";"2024";"18:30";"1";"44";"44217";"1";"1";"1";"7";"Route des Randonneurs";"47,31070700";" -1,70854600"
"202400002689";"11";"08";"2024";"10:09";"1";"29";"29173";"1";"6";"1";"3";"Rond-Point de Kergaben";"48,01162490";" -4,19671764"
"202400002690";"5";"08";"2024";"18:38";"1";"15";"15033";"1";"1";"7";"7";"RD 65";"45,01920000";"2,83969800"
"202400002691";"12";"08";"2024";"17:30";"1";"15";"15215";"1";"1";"1";"1";"RD 35";"44,97844900";"2,49234600"
"202400002692";"12";"08";"2024";"09:20";"1";"70";"70128";"1";"1";"1";"6";"D32";"47,75780500";"6,36662000"
"202400002693";"11";"08";"2024";"22:00";"5";"58";"58079";"2";"6";"1";"6";"Avenue de la République";"47,45943700";"3,52085500"
"202400002694";"6";"08";"2024";"23:57";"3";"58";"58152";"1";"1";"1";"6";"RN7 PK84 Sens NEVERS-MOULINS";"46,87087300";"3,15203200"
"202400002695";"10";"08";"2024";"00:15";"3";"72";"72087";"1";"6";"1";"1";"D1";"47,93661600";"0,74758500"
"202400002696";"8";"08";"2024";"12:22";"1";"72";"72298";"1";"2";"7";"3";"Vaudoire";"47,92270500";"0,48042700"
"202400002697";"12";"08";"2024";"03:00";"3";"50";"50568";"1";"1";"1";"6";"1 Route de Montpinchon";"49,00414500";" -1,41554900"
"202400002698";"11";"08";"2024";"18:40";"1";"90";"90093";"2";"9";"1";"7";"27 Rue de Valdoie";"47,68216900";"6,83988000"
"202400002699";"12";"08";"2024";"04:55";"3";"36";"36105";"1";"1";"1";"6";"N/A";"46,73653571";"1,02521959"
"202400002700";"12";"08";"2024";"14:30";"1";"07";"07128";"2";"1";"1";"7";"610 Route de Saint Félicien";"45,11516900";"4,54344400"
"202400002701";"12";"08";"2024";"08:50";"1";"24";"24564";"1";"2";"8";"3";"D5";"45,23171500";"0,26337100"
"202400002702";"11";"08";"2024";"20:22";"2";"24";"24352";"1";"2";"1";"6";"Route de l'Atlantique";"45,25936917";"0,29749274"
"202400002703";"10";"08";"2024";"03:48";"3";"28";"28052";"1";"1";"1";"6";"D136";"48,55492400";"1,51278700"
"202400002704";"11";"08";"2024";"11:45";"1";"87";"87064";"1";"3";"7";"2";"Charnaillat";"45,71453300";"1,76857900"
"202400002705";"11";"08";"2024";"18:15";"1";"30";"30002";"1";"1";"1";"7";"D6110";"43,96948400";"4,10100100"
"202400002706";"11";"08";"2024";"09:20";"1";"52";"52550";"2";"3";"7";"3";"Rue du Général Defrance";"48,49904700";"4,94710900"
"202400002707";"12";"08";"2024";"12:43";"1";"10";"10357";"1";"1";"1";"7";"A26";"48,28592000";"4,16464200"
"202400002708";"11";"08";"2024";"19:40";"1";"18";"18141";"1";"1";"1";"7";"N/A";"47,14070900";"2,18664400"
"202400002709";"12";"08";"2024";"07:34";"1";"18";"18245";"1";"1";"1";"6";"N/A";"46,59504474";"2,51368843"
"202400002710";"12";"08";"2024";"06:10";"2";"67";"67067";"1";"1";"1";"6";"Autoroute A4";"48,69570500";"7,72300200"
"202400002711";"10";"08";"2024";"07:50";"1";"13";"13058";"1";"1";"1";"3";"D5";"43,74744400";"4,83125900"
"202400002712";"11";"08";"2024";"18:20";"5";"976";"97616";"2";"1";"1";"6";"Avenue charif tadjidine";" -12,85107200";"45,10441300"
"202400002713";"12";"08";"2024";"19:16";"1";"69";"69264";"1";"1";"1";"6";"Autoroute 6";"45,98673500";"4,73703900"
"202400002714";"8";"08";"2024";"04:00";"3";"13";"13001";"1";"1";"1";"2";"A8";"43,52525810";"5,40539196"
"202400002715";"9";"08";"2024";"15:30";"1";"62";"62427";"1";"1";"1";"2";"A1";"50,38567100";"2,98081100"
"202400002716";"7";"08";"2024";"10:28";"1";"33";"33005";"1";"6";"1";"3";"N/A";"44,77685400";" -1,05087300"
"202400002717";"11";"08";"2024";"07:15";"1";"987";"98712";"2";"6";"1";"2";"pk 7 - Rond point Tahiti Pearl Resort";" -17,52471473";" -149,51890826"
"202400002718";"11";"08";"2024";"14:40";"1";"987";"98723";"1";"1";"1";"7";"Tapeata";" -9,77057100";" -138,96511300"
"202400002719";"9";"08";"2024";"14:40";"1";"987";"98722";"1";"1";"1";"7";"pk 23 c/mont";" -17,59200000";" -149,39100000"
"202400002720";"7";"05";"2024";"18:57";"1";"44";"44109";"2";"6";"1";"6";"78 Route de Rennes";"47,25405770";" -1,57640525"
"202400002721";"30";"04";"2024";"14:00";"1";"44";"44109";"2";"3";"1";"6";"5 Rue de l'Hôtel de Ville";"47,21774900";" -1,55537490"
"202400002722";"30";"04";"2024";"10:35";"1";"44";"44190";"2";"3";"1";"6";"Rue des Fromenteaux";"47,19060411";" -1,52172994"
"202400002723";"28";"04";"2024";"19:30";"1";"44";"44162";"2";"1";"1";"6";"Boulevard Winston Churchill";"47,20757049";" -1,61256740"
"202400002724";"23";"04";"2024";"18:25";"1";"44";"44109";"2";"1";"1";"3";"136 Boulevard des Anglais";"47,22515141";" -1,58382802"
"202400002725";"22";"04";"2024";"09:10";"1";"44";"44109";"2";"6";"1";"3";"30 Rue Charles Monselet";"47,22088454";" -1,57032858"
"202400002726";"19";"12";"2024";"14:30";"1";"88";"88388";"1";"1";"2";"3";"D51a";"48,14515200";"6,39040700"
"202400002727";"3";"11";"2024";"16:00";"1";"88";"88487";"1";"1";"1";"5";"D157";"47,95602600";"6,45210700"
"202400002728";"5";"10";"2024";"22:58";"3";"13";"13026";"1";"1";"1";"2";"A55-Sens Martigues vers Marseille";"43,37900472";"5,16585354"
"202400002729";"18";"12";"2024";"08:20";"1";"91";"91200";"2";"1";"1";"6";"Rue de Rambouillet";"48,53649900";"2,00240000"
"202400002730";"25";"12";"2024";"04:06";"5";"28";"28149";"1";"1";"1";"6";"D941";"48,60762200";"0,91496900"
"202400002731";"27";"12";"2024";"19:36";"3";"28";"28405";"1";"9";"5";"3";"N12";"48,74870500";"1,26913500"
"202400002732";"25";"11";"2024";"21:00";"5";"28";"28214";"1";"1";"2";"7";"Les Grands Pres";"48,47912700";"1,01781200"
"202400002733";"28";"09";"2024";"15:45";"1";"71";"71508";"1";"1";"1";"1";"Route des Pilloux";"46,64555200";"5,12298200"
"202400002734";"22";"12";"2024";"15:25";"1";"14";"14308";"1";"1";"8";"6";"1265 Route de Bavent";"49,22348300";" -0,11390800"
"202400002735";"30";"10";"2024";"23:45";"3";"73";"73179";"1";"1";"2";"1";"D14";"45,60823200";"5,85979500"
"202400002736";"10";"12";"2024";"17:30";"2";"28";"28108";"1";"2";"2";"3";"D927";"48,13310800";"1,60268400"
"202400002737";"27";"10";"2024";"00:15";"3";"28";"28252";"1";"1";"2";"6";"D955";"48,25511100";"0,99175800"
"202400002738";"14";"12";"2024";"12:03";"1";"57";"57463";"1";"1";"1";"7";"RN 431";"49,08899000";"6,22457000"
"202400002739";"16";"12";"2024";"14:00";"1";"14";"14555";"1";"1";"1";"2";"A13";"49,30813807";"0,29950456"
"202400002740";"3";"08";"2024";"17:30";"1";"82";"82170";"1";"3";"1";"3";"Place de l’Église";"44,14573213";"1,00584286"
"202400002741";"22";"04";"2024";"13:37";"1";"55";"55369";"1";"1";"1";"7";"N/A";"48,81040576";"5,22756100"
"202400002742";"8";"12";"2024";"02:20";"3";"987";"98729";"2";"1";"1";"7";"PK 25.500 Tiahura  RT91";" -17,49280500";" -149,90501400"
"202400002743";"29";"11";"2024";"19:30";"5";"987";"98738";"1";"1";"1";"1";"Ech. Outumaoro";" -17,57879100";" -149,61396200"
"202400002744";"22";"12";"2024";"19:50";"3";"74";"74042";"1";"1";"2";"5";"5159 Route de geneve";"46,10346048";"6,35891676"
"202400002745";"21";"12";"2024";"18:30";"5";"74";"74280";"2";"1";"1";"6";"35 Avenue d'annecy";"45,88896600";"6,31253100"
"202400002746";"11";"12";"2024";"17:20";"2";"74";"74005";"1";"1";"1";"1";"RD 903";"46,33891400";"6,45771900"
"202400002747";"15";"09";"2024";"16:15";"1";"13";"13071";"1";"1";"1";"6";"A7-Sens Lyon vers Marseille";"43,40691417";"5,32791407"
"202400002748";"12";"10";"2024";"17:20";"1";"84";"84025";"2";"1";"1";"6";"Grand Geas";"43,88968900";"5,15044200"
"202400002749";"29";"11";"2024";"19:30";"3";"43";"43137";"1";"1";"1";"1";"D12";"45,29162809";"4,14783843"
"202400002750";"24";"11";"2024";"10:45";"1";"91";"91122";"2";"1";"1";"6";"PASSAGE DE VILLEVERT";"48,69614000";"2,16239000"
"202400002751";"5";"11";"2024";"02:00";"3";"14";"14316";"1";"1";"5";"6";"Route des Hauts de Grangues";"49,25843000";" -0,05198100"
"202400002752";"11";"07";"2024";"18:30";"1";"14";"14061";"2";"5";"1";"3";"34 Route de la Bazinière (Le Bény-Bocage)";"48,93131600";" -0,84025300"
"202400002753";"31";"12";"2024";"05:44";"3";"10";"10424";"1";"1";"1";"6";"D2";"48,47582300";"4,58986000"
"202400002754";"29";"11";"2024";"23:50";"5";100;100033";"2";"3";"1";"3";"ROUTE ROYALE";"42,67644000";"9,44075000"
"202400002755";"29";"10";"2024";"12:10";"1";100;100313";"2";"6";"1";"3";"Moriani Plage";"42,37274100";"9,52971700"
"202400002756";"26";"10";"2024";"09:00";"1";100;100303";"1";"1";"8";"6";"Alistro";"42,28408800";"9,55078800"
"202400002757";"25";"10";"2024";"17:30";"2";100;100096";"2";"1";"8";"7";"T20";"42,28170600";"9,16397000"
"202400002758";"22";"10";"2024";"18:36";"1";100;100307";"2";"1";"1";"1";"Suaglione";"42,38455800";"9,53002500"
"202400002759";"22";"10";"2024";"10:45";"1";100;100029";"1";"1";"2";"5";"RD 81";"42,67599900";"9,37185300"
"202400002760";"11";"10";"2024";"19:34";"5";100;100033";"2";"1";"1";"1";"11 - RT";"42,70617000";"9,45319000"
"202400002761";"11";"10";"2024";"07:30";"2";100;100077";"1";"9";"1";"1";"Corso";"42,46692100";"9,49176900"
"202400002762";"28";"09";"2024";"15:40";"1";100;100298";"2";"9";"1";"6";"route de la cathérale";"42,68050700";"9,30256100"
"202400002763";"3";"09";"2024";"12:30";"1";100;100007";"1";"1";"1";"1";"D84";"42,28686600";"8,90536300"
"202400002764";"21";"12";"2024";"12:35";"1";"60";"60414";"2";"1";"2";"6";"Rue Jean Jaurès";"49,25680000";"2,43752000"
"202400002765";"31";"08";"2024";"19:35";"2";100;100007";"1";"1";"1";"3";"D84";"42,30683200";"8,95158300"
"202400002766";"22";"08";"2024";"09:00";"1";100;100029";"1";"1";"1";"3";"Col de Teghime (Col de montagne)";"42,67730100";"9,38534400"
"202400002767";"5";"12";"2024";"14:15";"1";"84";"84099";"1";"2";"1";"3";"CHEMIN DU FOUR À CHAUX";"43,86735100";"5,11995300"
"202400002768";"25";"11";"2024";"17:50";"3";"84";"84088";"1";"1";"1";"1";"Route de la Gasqui";"44,00309500";"5,01757600"
"202400002769";"4";"11";"2024";"11:15";"1";"84";"84088";"1";"1";"1";"3";"697 Route d'Avignon";"43,99058800";"5,04098100"
"202400002770";"29";"11";"2024";"23:10";"5";"974";"97411";"2";"1";"1";"2";"MACE (ROUTE GABRIEL)";" -20,91633000";"55,49410000"
"202400002771";"13";"12";"2024";"19:40";"3";"26";"26364";"1";"1";"9";"7";"Route du Chateau";"44,90643500";"5,38571000"
"202400002772";"21";"08";"2024";"13:15";"1";"72";"72181";"2";"9";"1";"3";"JACQUELINE DE ROMILLY (RUE)";"48,02013000";"0,14427000"
"202400002773";"10";"02";"2024";"05:50";"2";"974";"97416";"1";"1";"1";"7";"RN1";" -21,30455000";"55,42772000"
"202400002774";"3";"11";"2024";"03:45";"5";"987";"98735";"1";"1";"1";"6";"HITIAA PK 42.100 sur la RT2";" -17,59191000";" -149,30692400"
"202400002775";"23";"07";"2024";"16:30";"1";"987";"98729";"2";"1";"1";"7";"PK 22 + 400, Haapiti district de Vaiane";" -17,56061389";" -149,87158701"
"202400002776";"10";"02";"2024";"19:38";"5";"973";"97302";"2";"3";"1";"1";"MONTABO (ROUTE DE) 3";"4,94392833";" -52,30819881"
"202400002777";"22";"08";"2024";"16:50";"1";"987";"98722";"2";"1";"1";"7";"Faaripo 4 PK15.500";" -17,60201400";" -149,30361900"
"202400002778";"9";"02";"2024";"23:14";"4";"973";"97302";"1";"1";"1";"6";"ROUTE NATIONALE 3";"4,90473002";" -52,31870234"
"202400002779";"11";"08";"2024";"06:20";"3";"987";"98729";"1";"1";"1";"1";"Haapiti";" -17,52765400";" -149,90564700"
"202400002780";"10";"12";"2024";"14:40";"1";"987";"98722";"1";"1";"1";"7";"RT2 PK 32.300 à MAHAENA";" -17,57015460";" -149,31719542"
"202400002781";"10";"02";"2024";"17:55";"5";"69";"69387";"2";"2";"2";"3";"Rue de Gerland";"45,72990000";"4,83804000"
"202400002782";"31";"12";"2024";"15:35";"1";"88";"88068";"2";"1";"7";"1";"519 Chemin de la Gayére";"48,30900300";"6,80826300"
"202400002783";"10";"02";"2024";"05:50";"3";"972";"97213";"2";"6";"1";"7";"ROUTE NATIONALE 1";"14,62592299";" -60,97898742"
"202400002784";"27";"12";"2024";"15:55";"1";"88";"88181";"2";"1";"7";"1";"D23";"48,18652000";"7,00251800"
"202400002785";"10";"02";"2024";"01:10";"5";"972";"97213";"1";"1";"1";"3";"ROUTE DEPARTEMENTALE 3";"14,61653896";" -60,98989992"
"202400002786";"27";"12";"2024";"11:25";"1";"88";"88099";"1";"1";"7";"3";"D157";"48,21485100";"6,43896500"
"202400002787";"24";"12";"2024";"15:30";"1";"88";"88413";"1";"1";"1";"7";"ROUTE D'HERBAVILLE";"48,29201000";"6,92161000"
"202400002788";"17";"12";"2024";"19:20";"5";"88";"88413";"2";"1";"1";"1";"THIERS (RUE)";"48,28632000";"6,94950000"
"202400002789";"10";"02";"2024";"10:30";"1";"972";"97209";"2";"1";"1";"5";"GENERAL DE GAULLE (BLD DU)";"14,60590000";" -61,06520000"
"202400002790";"13";"12";"2024";"19:30";"5";"88";"88413";"2";"1";"1";"1";"Rue du Petit SAINT-DIE";"48,28235000";"6,94255000"
"202400002791";"9";"02";"2024";"18:20";"5";"972";"97209";"2";"1";"1";"7";"RD 41 (ROCADE)";"14,61531000";" -61,06186000"
"202400002792";"9";"12";"2024";"08:10";"1";"88";"88513";"2";"2";"1";"6";"Chemin des Saules";"48,34624200";"6,32545600"
"202400002793";"10";"02";"2024";"18:26";"5";"69";"69034";"2";"1";"2";"6";"122 Rue Pasteur";"45,79471635";"4,84693371"
"202400002794";"21";"11";"2024";"07:00";"3";"88";"88090";"1";"3";"1";"3";"Rue 75 79e Divisions Americaines";"48,37636400";"6,27143400"
"202400002795";"9";"02";"2024";"14:55";"1";"971";"97101";"2";"1";"1";"3";"DOTHEMARE";"16,27085000";" -61,51554000"
"202400002796";"21";"05";"2024";"09:40";"1";"14";"14726";"2";"1";"2";"7";"2 Rue Joseph Requeut";"48,85298900";" -0,67539800"
"202400002797";"10";"02";"2024";"20:40";"5";"95";"95585";"2";"6";"2";"6";"D316";"48,98289190";"2,37024765"
"202400002798";"20";"12";"2024";"17:00";"3";"84";"84035";"1";"1";"6";"2";"Route de Gordes";"43,85034400";"5,06465400"
"202400002799";"10";"02";"2024";"19:40";"5";"95";"95582";"2";"2";"2";"6";"D14";"48,97219618";"2,25619192"
"202400002800";"18";"12";"2024";"18:00";"3";"84";"84026";"1";"3";"1";"4";"D943";"43,71645400";"5,37551700"
"202400002801";"10";"02";"2024";"18:10";"5";"88";"88160";"2";"1";"2";"3";"RENAN (RUE ERNEST-)";"48,18696000";"6,46454000"
"202400002802";"17";"12";"2024";"11:40";"1";"84";"84116";"2";"1";"1";"6";"Route de Nyons";"44,25323000";"5,09486700"
"202400002803";"10";"02";"2024";"05:00";"5";"81";"81004";"2";"1";"2";"6";"AGRICULTEURS (DES)";"43,92429000";"2,17768000"
"202400002804";"10";"02";"2024";"11:10";"1";"78";"78551";"2";"1";"2";"6";"LYAUTEY (DU MARECHAL)";"48,89475700";"2,09721400"
"202400002805";"12";"12";"2024";"11:45";"1";"84";"84086";"1";"2";"1";"3";"Route du Four Neuf";"43,83577700";"5,17466800"
"202400002806";"9";"02";"2024";"17:04";"1";"78";"78146";"2";"1";"2";"1";"MAISONS (ROUTE DE)";"48,90432000";"2,15209000"
"202400002807";"9";"12";"2024";"18:27";"3";"84";"84118";"1";"4";"1";"6";"D943";"43,91911800";"5,38310800"
"202400002808";"9";"02";"2024";"16:50";"1";"77";"77438";"2";"1";"2";"6";"COURTILLIERE (AVENUE DE LA )";"48,86810000";"2,67610000"
"202400002809";"4";"12";"2024";"12:38";"1";"84";"84092";"1";"3";"1";"3";"Route departementale D907";"43,97656100";"4,85805500"
"202400002810";"10";"02";"2024";"19:30";"3";"76";"76319";"1";"1";"2";"3";"D938";"49,34180000";"1,01392000"
"202400002811";"25";"11";"2024";"18:00";"3";"84";"84099";"1";"1";"1";"1";"Route de Gordes";"43,87059600";"5,13134500"
"202400002812";"10";"02";"2024";"19:45";"2";"71";"71486";"2";"1";"1";"6";"JEAN DIDIER (RUE)";"46,65450000";"4,34420000"
"202400002813";"21";"11";"2024";"07:20";"2";"84";"84043";"2";"9";"1";"6";"Route d'Avignon";"44,00072200";"4,92052900"
"202400002814";"10";"02";"2024";"13:45";"1";"69";"69271";"2";"1";"3";"6";"Avenue du Dauphiné";"45,73270464";"4,97081668"
"202400002815";"9";"02";"2024";"18:30";"3";"66";"66136";"1";"1";"1";"2";"N/A";"42,67640000";"2,86731000"
"202400002816";"19";"11";"2024";"18:15";"3";"84";"84150";"1";"1";"1";"1";"D 20 Route de Richerenches";"44,32272700";"4,93957800"
"202400002817";"10";"02";"2024";"19:50";"5";"62";"62270";"2";"1";"3";"6";"D841";"50,47125405";"2,51809430"
"202400002818";"10";"11";"2024";"14:30";"1";"84";"84025";"2";"1";"1";"3";"297 Route d?Apt";"43,86813200";"5,14755700"
"202400002819";"10";"02";"2024";"18:30";"5";"59";"59098";"1";"1";"2";"6";"AUGER (RUE)";"50,76652000";"3,08635000"
"202400002820";"20";"10";"2024";"13:00";"1";"84";"84003";"1";"1";"1";"6";"d22";"43,90418500";"5,43567900"
"202400002821";"9";"02";"2024";"15:15";"1";"59";"59350";"2";"2";"1";"3";"Rue de Wazemmes";"50,62270000";"3,06413000"
"202400002822";"29";"09";"2024";"14:10";"1";"84";"84051";"1";"1";"1";"5";"D 145";"43,85979800";"5,26011200"
"202400002823";"10";"02";"2024";"18:45";"5";"54";"54395";"2";"1";"2";"6";"viaduc Louis Marin";"48,70065700";"6,18532400"
"202400002824";"11";"09";"2024";"09:30";"1";"84";"84072";"1";"2";"1";"3";"Route de Blauvac";"44,04475300";"5,15164600"
"202400002825";"10";"02";"2024";"14:07";"1";"51";"51454";"2";"1";"2";"6";"MAISON BLANCHE (RUE) DU N°1 AU 73 ET DU";"49,23883500";"4,03063500"
"202400002826";"10";"02";"2024";"02:50";"5";"51";"51454";"2";"1";"1";"6";"JAURES (AVENUE JEAN ) DU N° 61 A FIN";"49,25947000";"4,04500000"
"202400002827";"28";"08";"2024";"12:00";"1";"84";"84030";"2";"9";"1";"1";"225 Avenue de l?Europe";"44,10709000";"5,10559000"
"202400002828";"9";"02";"2024";"20:15";"5";"51";"51454";"2";"1";"2";"6";"HENRI IV (RUE)";"49,25939000";"4,03111000"
"202400002829";"23";"07";"2024";"16:50";"1";"84";"84138";"2";"9";"1";"6";"18 cours Victor Hugo";"44,38636600";"4,98983400"
"202400002830";"9";"02";"2024";"16:35";"1";"51";"51454";"2";"1";"1";"6";"LUNDY (BOULEVARD)";"49,25931800";"4,03700600"
"202400002831";"9";"02";"2024";"07:50";"2";"46";"46042";"1";"1";"2";"1";"VIEILLE ROUTE DE PARIS";"44,49763000";"1,45139000"
"202400002832";"27";"12";"2024";"16:49";"1";"28";"28415";"1";"1";"5";"4";"La Cote sous le Bois du Pr";"48,68413300";"1,44858600"
"202400002833";"10";"02";"2024";"18:45";"5";"44";"44143";"2";"9";"2";"6";"121 Rue du Château d'Eau";"47,16857000";" -1,54275000"
"202400002834";"25";"12";"2024";"01:30";"3";"33";"33143";"1";"1";"2";"4";"N/A";"44,96880000";" -0,43658000"
"202400002835";"12";"12";"2024";"00:05";"3";"14";"14543";"1";"1";"1";"7";"Route de Bayeux";"49,19996318";" -0,48401716"
"202400002836";"10";"02";"2024";"15:25";"1";"35";"35055";"2";"6";"1";"3";"LOGES (RUE DES)";"48,09003000";" -1,62339000"
"202400002837";"30";"10";"2024";"18:40";"3";"972";"97213";"1";"1";"1";"3";"ROUTE DEPARTEMENTALE 15";"14,63213000";" -61,00837000"
"202400002838";"10";"02";"2024";"18:40";"5";"34";"34172";"2";"3";"8";"1";"LA BLOTTIERE (RUE)";"43,61116000";"3,87195000"
"202400002839";"23";"10";"2024";"16:34";"1";"972";"97213";"1";"1";"1";"2";"ROUTE NATIONALE 1";"14,61705000";" -61,00839000"
"202400002840";"10";"02";"2024";"05:30";"5";"34";"34172";"2";"1";"3";"7";"MONDIAL 98 (AVENUE DU)";"43,60296000";"3,90527000"
"202400002841";"8";"09";"2024";"20:25";"3";"972";"97213";"1";"1";"9";"1";"ROUTE NATIONALE 1";"14,64255000";" -60,97628000"
"202400002842";"10";"02";"2024";"19:15";"5";"33";"33063";"2";"1";"2";"3";"N/A";"44,83849000";" -0,62157900"
"202400002843";"15";"08";"2024";"20:58";"5";"972";"97213";"2";"2";"1";"3";"HARDY DE SAINT-OMER (RUE)";"14,61557300";" -61,00105200"
"202400002844";"10";"02";"2024";"11:00";"1";"33";"33063";"2";"1";"1";"3";"N/A";"44,84789000";" -0,54765000"
"202400002845";"3";"08";"2024";"14:25";"1";"972";"97213";"1";"1";"1";"2";"AUTOROUTE A1";"14,61818000";" -61,03456000"
"202400002846";"9";"02";"2024";"20:25";"3";"30";"30243";"1";"1";"2";"7";"753 montée des Cyprès";"44,09796200";"4,08063800"
"202400002847";"16";"07";"2024";"18:00";"2";"972";"97213";"1";"1";"1";"6";"ROUTE DEPARTEMENTALE 3";"14,66842000";" -60,99314000"
"202400002848";"10";"02";"2024";"16:00";"1";"28";"28404";"2";"9";"2";"6";"NUISEMENT (CHEMIN DE)";"48,72011000";"1,37356000"
"202400002849";"20";"09";"2024";"19:15";"1";"62";"62133";"2";"1";"1";"6";"Rue Danton";"50,42256971";"2,91693766"
"202400002850";"9";"02";"2024";"15:10";"1";"28";"28134";"1";"1";"1";"4";"RN 12 (DESCENTE ET PONT FERMAINCOURT)";"48,74658000";"1,38225000"
"202400002851";"10";"02";"2024";"10:25";"1";"27";"27351";"2";"1";"2";"6";"FORET (RUE DE LA)";"49,23650400";"1,17655700"
"202400002852";"26";"04";"2024";"17:43";"1";"49";"49248";"1";"2";"1";"3";"Le Tremblay";"47,66061800";" -1,09150900"
"202400002853";"10";"02";"2024";"15:00";"1";"14";"14118";"2";"6";"1";"2";"Rue d'Auge";"49,17467000";" -0,35335000"
"202400002854";"30";"11";"2024";"09:30";"1";"91";"91552";"1";"1";"1";"5";"RTE NATIONALE 20";"48,60577000";"2,24987000"
"202400002855";"10";"02";"2024";"23:27";"5";"13";"13203";"2";"1";"1";"1";"BOUES (BOULEVARD)";"43,31184000";"5,38238000"
"202400002856";"21";"11";"2024";"08:23";"1";"91";"91333";"2";"7";"8";"6";"RUE PIERRE CURIE";"48,61562000";"2,26104000"
"202400002857";"10";"02";"2024";"20:10";"5";"13";"13206";"2";"2";"1";"3";"BAILLE (BOULEVARD)";"43,28832000";"5,39277000"
"202400002858";"8";"11";"2024";"19:52";"5";"91";"91549";"2";"7";"1";"6";"PRESIDENT FRANKLIN ROOSEVELT (PL.DU)";"48,65293000";"2,31434000"
"202400002859";"9";"02";"2024";"18:00";"5";"13";"13209";"2";"1";"2";"3";"EMILE ZOLA (RUE)";"43,24798000";"5,39959000"
"202400002860";"10";"02";"2024";"07:00";"5";"06";"06088";"2";"1";"3";"6";"Promenade des Anglais";"43,68675000";"7,23753000"
"202400002861";"6";"12";"2024";"07:40";"3";"57";"57416";"1";"1";"1";"4";"Autoroute A31";"48,99059800";"6,10478300"
"202400002862";"9";"02";"2024";"22:35";"5";"75";"75116";"2";"1";"1";"5";"PORTE MAILLOT";"48,87632300";"2,27852500"
"202400002863";"4";"12";"2024";"17:25";"3";"57";"57647";"1";"9";"8";"3";"Autoroute A30";"49,31833673";"6,07588654"
"202400002864";"8";"02";"2024";"22:35";"5";"75";"75108";"2";"2";"3";"6";"PLACE SAINT AUGUSTIN";"48,87568300";"2,31958600"
"202400002865";"26";"08";"2024";"19:00";"1";101;101330";"1";"1";"1";"7";"rt20";"42,06681740";"8,97887707"
"202400002866";"10";"02";"2024";"21:05";"5";"75";"75119";"2";"3";"2";"1";"RUE DU MAROC";"48,88732900";"2,36706000"
"202400002867";"12";"09";"2024";"23:50";"5";"72";"72181";"2";"6";"8";"3";"DEMORIEUX (BD) ENTRE HUISNE ET RD-POINT";"47,99822000";"0,18860000"
"202400002868";"10";"02";"2024";"18:40";"5";"75";"75119";"2";"3";"2";"7";"AVENUE CORENTIN CARIOU";"48,89513000";"2,38275600"
"202400002869";"22";"10";"2024";"22:25";"3";"59";"59153";"1";"1";"1";"1";"D935";"50,44500000";"3,59000000"
"202400002870";"30";"12";"2024";"22:20";"3";"13";"13215";"1";"1";"1";"7";"A55-Sens Marseille vers Martigues";"43,32627247";"5,35990923"
"202400002871";"9";"02";"2024";"23:40";"5";"75";"75118";"2";"1";"1";"5";"BOULEVARD DE ROCHECHOUART";"48,88380000";"2,34903200"
"202400002872";"19";"11";"2024";"14:55";"1";"73";"73008";"2";"1";"2";"6";"SIMOND ST AVENUE";"45,70693204";"5,91494598"
"202400002873";"10";"02";"2024";"19:30";"5";"75";"75117";"2";"2";"1";"6";"BOULEVARD DE COURCELLES";"48,87866100";"2,30085500"
"202400002874";"17";"12";"2024";"08:00";"2";"78";"78158";"2";"1";"2";"6";"N/A";"48,82555200";"2,12284100"
"202400002875";"10";"02";"2024";"03:15";"5";"75";"75117";"2";"3";"1";"6";"AVENUE DES TERNES";"48,87834700";"2,29560000"
"202400002876";"28";"12";"2024";"18:55";"5";"22";"22161";"2";"3";"1";"1";"Rue Désiré le Bonniec";"48,56502500";" -3,14256200"
"202400002877";"9";"02";"2024";"19:15";"5";"75";"75115";"2";"2";"2";"6";"AVENUE DE SUFFREN";"48,84941900";"2,30378600"
"202400002878";"30";"12";"2024";"07:10";"5";"22";"22176";"2";"6";"1";"3";"rond point de bembridge";"48,44752200";" -2,74752600"
"202400002879";"10";"02";"2024";"17:55";"1";"75";"75108";"2";"2";"2";"6";"AVENUE FRANKLIN D ROOSEVELT";"48,87256500";"2,31004100"
"202400002880";"3";"12";"2024";"21:00";"3";"22";"22171";"1";"1";"2";"3";"ldit le colombier";"48,40340200";" -2,82398500"
"202400002881";"10";"02";"2024";"01:55";"5";"75";"75108";"2";"2";"1";"3";"RUE LA BOETIE";"48,87369300";"2,31466000"
"202400002882";"30";"12";"2024";"15:30";"1";"22";"22045";"1";"3";"8";"3";"Kerlabo";"48,44501000";" -2,94797300"
"202400002883";"10";"02";"2024";"19:00";"5";"94";"94003";"2";"1";"2";"2";"65 Avenue Paul Vaillant-Couturier";"48,79912000";"2,34495400"