"Num_Acc";"jour";"mois";"an";"hrmn";"lum";"dep";"com";"agg";"int";"atm";"col";"adr";"lat";"long"
"202400002884";"10";"02";"2024";"14:50";"1";"94";"94076";"2";"1";"2";"1";"90 Rue de Chevilly";"48,78264757";"2,35518386"
"202400002885";"8";"11";"2024";"23:20";"3";"71";"71040";"1";"1";"1";"3";"RN 70 (ROUTE EXPRESS)";"46,69173000";"4,37877000"
"202400002886";"9";"02";"2024";"06:48";"5";"93";"93064";"2";"9";"2";"6";"Avenue du Général de Gaulle / A86";"48,88173200";"2,47635100"
"202400002887";"20";"07";"2024";"11:34";"1";"39";"39078";"1";"2";"1";"3";"N/A";"47,10584300";"5,51807600"
"202400002888";"10";"02";"2024";"03:15";"5";"93";"93006";"2";"2";"1";"3";"Rue Robespierre / Rue Victor Hugo";"48,85804347";"2,42155999"
"202400002889";"8";"11";"2024";"16:25";"1";"43";"43012";"2";"6";"1";"3";"Avenue de Firminy";"45,37117600";"4,20697000"
"202400002890";"10";"02";"2024";"12:45";"1";"92";"92046";"2";"1";"2";"6";"PIERRE VALETTE (RUE)";"48,81660100";"2,30216861"
"202400002891";"15";"11";"2024";"19:40";"2";"59";"59360";"2";"8";"1";"6";"rue Jules Ferry";"50,61358200";"3,02468100"
"202400002892";"10";"02";"2024";"16:30";"1";"92";"92051";"2";"1";"2";"6";"CHARLES DE GAULLE (AVENUE,N°118 A 192 +";"48,88276960";"2,26755363"
"202400002893";"12";"12";"2024";"07:50";"1";"84";"84087";"2";"1";"1";"1";"FOCH (AVENUE MARECHAL)";"44,13300000";"4,80000000"
"202400002894";"10";"02";"2024";"12:00";"1";"92";"92050";"2";"7";"2";"6";"FOCH MARECHAL PLACE DU";"48,88827000";"2,19345000"
"202400002895";"30";"12";"2024";"07:40";"5";"60";"60057";"2";"1";"2";"1";"Avenue Président J.F. Kennedy";"49,42382000";"2,10542000"
"202400002896";"10";"02";"2024";"13:15";"1";"92";"92049";"2";"3";"2";"3";"DORMOY AVENUE MARX N°102 A FIN";"48,81068967";"2,30792373"
"202400002897";"15";"11";"2024";"02:23";"3";"28";"28417";"1";"1";"2";"6";"D983";"48,61456900";"1,54918000"
"202400002898";"10";"02";"2024";"07:10";"5";"92";"92020";"2";"1";"1";"7";"PAIX AVENUE DE LA N°1 A 55 ET 2 A 70";"48,80555200";"2,28327702"
"202400002899";"10";"02";"2024";"20:20";"5";"92";"92012";"2";"1";"2";"3";"GEORGES GORSE (QUAI)";"48,82488913";"2,23508584"
"202400002900";"28";"11";"2024";"16:30";"1";"84";"84031";"2";"3";"1";"3";"COUBERTIN AVENUE PIERRE DE";"44,03261000";"5,05803000"
"202400002901";"22";"11";"2024";"18:32";"3";"84";"84080";"1";"1";"1";"6";"PERNES ROUTE DE";"44,02172000";"5,02353000"
"202400002902";"9";"02";"2024";"17:40";"2";"92";"92004";"2";"2";"2";"3";"MARNE   ( AVENUE DE LA )";"48,90616456";"2,28134823"
"202400002903";"11";"02";"2024";"08:45";"1";"51";"51040";"2";"1";"1";"6";"Avenue Michel";"48,79818200";"4,66581200"
"202400002904";"30";"12";"2024";"08:20";"1";"38";"38544";"2";"1";"1";"6";"BERTHELOT(AV)";"45,53836000";"4,87196000"
"202400002905";"11";"02";"2024";"00:30";"3";101;101094";"1";"1";"3";"6";"#D757 Corrano#";"41,86625479";"9,07409415"
"202400002906";"11";"02";"2024";"15:00";"1";"86";"86162";"1";"1";"8";"6";"Boué";"46,92545800";"0,45030000"
"202400002907";"16";"12";"2024";"12:00";"1";"38";"38544";"2";"6";"1";"3";"D41";"45,51818000";"4,91808000"
"202400002908";"10";"02";"2024";"20:05";"3";"11";"11069";"1";"1";"1";"2";"A61";"43,19632300";"2,29640000"
"202400002909";"15";"11";"2024";"18:20";"3";"38";"38516";"2";"1";"1";"3";"Avenue Maréchal Randon";"45,20100000";"5,74175000"
"202400002910";"9";"02";"2024";"19:00";"3";"68";"68097";"2";"1";"1";"6";"Route départementale 11";"48,16934800";"7,19445700"
"202400002911";"10";"02";"2024";"22:10";"5";"972";"97203";"2";"1";"8";"6";"route national 1";"14,86561100";" -61,11138000"
"202400002912";"19";"11";"2024";"11:20";"1";"987";"98724";"2";"1";"1";"2";"RT 111, district de Fitii  - Face boulagerie LICHON";" -16,73661900";" -151,03162800"
"202400002913";"26";"12";"2024";"13:15";"1";"62";"62160";"2";"9";"1";"3";"Boulevard de l’Europe";"50,71388092";"1,60310823"
"202400002914";"11";"02";"2024";"15:00";"1";"30";"30209";"1";"6";"1";"1";"N/A";"43,98777200";"4,74742700"
"202400002915";"20";"12";"2024";"16:00";"1";"62";"62758";"2";"3";"1";"6";"Route de Saint Omer";"50,72547196";"1,62468821"
"202400002916";"11";"02";"2024";"05:45";"3";"83";"83131";"1";"1";"1";"1";"Route Départementale 554";"43,22484900";"6,02157500"
"202400002917";"14";"12";"2024";"22:50";"3";"62";"62194";"2";"1";"8";"7";"Rue de Wavrans";"50,48799000";"2,49494000"
"202400002918";"10";"02";"2024";"21:18";"3";"62";"62611";"1";"1";"1";"6";"D5";"50,23754400";"2,82565400"
"202400002919";"11";"02";"2024";"12:00";"1";"56";"56034";"1";"1";"1";"7";"Route de Kerloquet";"47,59887800";" -3,05986400"
"202400002920";"15";"11";"2024";"18:30";"4";"62";"62555";"2";"1";"1";"6";"D70";"50,50390188";"2,51024179"
"202400002921";"10";"02";"2024";"20:20";"3";"80";"80522";"1";"1";"2";"6";"D211";"49,87600600";"1,77227200"
"202400002922";"11";"02";"2024";"01:00";"3";"11";"11254";"1";"1";"2";"6";"route départementale 119";"43,19163000";"2,10226000"
"202400002923";"10";"02";"2024";"08:30";"1";"61";"61028";"1";"1";"2";"6";"D909";"48,82692700";" -0,24066900"
"202400002924";"11";"02";"2024";"12:10";"1";"25";"25586";"1";"1";"2";"7";"la Bégelle";"47,46314800";"6,88931800"
"202400002925";"11";"02";"2024";"19:35";"3";"44";"44067";"1";"1";"1";"6";"21 la Belle Epine de Gascaigne";"47,61723700";" -1,82393400"
"202400002926";"12";"12";"2024";"17:50";"5";"44";"44132";"1";"1";"1";"3";"Route de Guérande";"47,27906800";" -2,30092477"
"202400002927";"10";"02";"2024";"20:35";"3";"44";"44146";"1";"1";"1";"7";"Le Hypean";"47,77463300";" -1,45564600"
"202400002928";"21";"12";"2024";"23:30";"3";"32";"32446";"2";"1";"3";"7";"D3";"43,47674700";"0,27349900"
"202400002929";"7";"02";"2024";"05:30";"3";"29";"29244";"1";"1";"2";"2";"D32";"48,53113232";" -4,17850299"
"202400002930";"11";"02";"2024";"04:50";"5";"31";"31033";"2";"1";"1";"6";"21 Boulevard Notre Dame";"43,34205800";"1,48632100"
"202400002931";"6";"11";"2024";"17:15";"1";"32";"32319";"2";"1";"1";"1";"Rue de Barbat";"43,60476700";"0,04359100"
"202400002932";"10";"02";"2024";"11:00";"1";"38";"38439";"1";"1";"2";"6";"d525";"45,36787100";"6,04404700"
"202400002933";"31";"12";"2024";"11:30";"1";"43";"43154";"1";"1";"1";"1";"N88";"44,76337233";"3,88501083"
"202400002934";"10";"02";"2024";"18:00";"2";"02";"02748";"1";"1";"2";"6";"Route de Dormans";"49,07803000";"3,62848200"
"202400002935";"18";"07";"2024";"19:40";"1";"91";"91521";"2";"3";"1";"3";"Rue Edmond Bonté";"48,65675000";"2,40976000"
"202400002936";"11";"02";"2024";"07:40";"1";"72";"72071";"2";"1";"1";"6";"5 Chemin de Goulard";"47,68462000";"0,41783600"
"202400002937";"24";"12";"2024";"19:40";"5";"62";"62194";"2";"2";"1";"1";"RUE DE CALONNE";"50,49425789";"2,47850516"
"202400002938";"11";"02";"2024";"02:00";"3";"60";"60026";"1";"2";"1";"3";"RD 149";"49,57480300";"2,11033000"
"202400002939";"11";"02";"2024";"17:50";"1";"43";"43218";"1";"1";"1";"1";"PK 47+300 RN 88";"45,06435200";"4,00895800"
"202400002940";"11";"02";"2024";"19:40";"3";"16";"16137";"1";"1";"1";"6";"cd 4";"45,60771800";"0,47586700"
"202400002941";"11";"02";"2024";"15:00";"1";"07";"07313";"1";"1";"3";"6";"D820";"45,31045100";"4,75532100"
"202400002942";"14";"10";"2024";"20:10";"3";"17";"17291";"1";"1";"1";"2";"N11";"46,17223100";" -1,12005100"
"202400002943";"9";"02";"2024";"19:40";"5";"08";"08282";"2";"1";"2";"6";"N/A";"49,86636900";"4,43280100"
"202400002944";"8";"02";"2024";"21:50";"4";"01";"01274";"1";"1";"2";"6";"Autoroute A40, sens MACON/GENEVE, au PK 115+100";"46,16101300";"5,65270500"
"202400002945";"26";"10";"2024";"19:15";"3";"32";"32296";"1";"1";"2";"3";"D931 PK65+584";"43,75535700";" -0,04501800"
"202400002946";"11";"02";"2024";"18:35";"3";"42";"42279";"1";"1";"1";"2";"D498";"45,51404200";"4,22408800"
"202400002947";"17";"11";"2024";"14:46";"1";"13";"13117";"2";"3";"1";"2";"MOULIN ( AVENUE JEAN)";"43,45540945";"5,24483446"
"202400002948";"9";"02";"2024";"16:30";"1";"976";"97613";"2";"1";"2";"6";"Rue de College - Chembenyoumba";" -12,75763500";"45,07996700"
"202400002949";"17";"03";"2024";"22:30";"5";"75";"75117";"2";"3";"1";"3";"AVENUE DE LA PORTE DE CLICHY";"48,89449000";"2,31341000"
"202400002950";"11";"02";"2024";"07:15";"2";"69";"69268";"1";"1";"1";"1";"Route Départementale 386";"45,64116800";"4,75407600"
"202400002951";"11";"02";"2024";"17:00";"1";"13";"13114";"1";"1";"1";"2";"Ancien Chemin d?Aix Bas";"43,54325200";"5,32468400"
"202400002952";"27";"12";"2024";"17:40";"3";"38";"38053";"1";"1";"5";"4";"JOLIOT CURIE";"45,58891000";"5,26149000"
"202400002953";"11";"02";"2024";"13:55";"1";"62";"62079";"1";"1";"2";"6";"A1";"50,09956294";"2,87168957"
"202400002954";"26";"11";"2024";"15:50";"1";"74";"74281";"2";"1";"7";"6";"RONDE (CHEMIN DE)";"46,37052000";"6,48824000"
"202400002955";"11";"02";"2024";"03:15";"3";"977";"97701";"1";"1";"2";"6";"Route de St Jean";"17,90297600";" -62,83209800"
"202400002956";"28";"12";"2024";"14:50";"1";"74";"74159";"1";"1";"8";"1";"D1205";"46,03896000";"6,61113000"
"202400002957";"15";"12";"2024";"02:00";"5";"74";"74116";"1";"3";"2";"3";"D1203";"46,05477800";"6,28480200"
"202400002958";"9";"02";"2024";"19:30";"3";"34";"34344";"1";"1";"1";"5";"D62";"43,56724300";"4,06250100"
"202400002959";"18";"12";"2024";"17:20";"3";"74";"74282";"2";"1";"1";"1";"2806 Route Impériale";"45,98567700";"6,12940500"
"202400002960";"10";"02";"2024";"06:00";"3";"83";"83068";"1";"1";"3";"1";"Route Départementale N°558";"43,27393532";"6,51322065"
"202400002961";"11";"02";"2024";"15:07";"1";"06";"06070";"1";"1";"1";"7";"Route de Gentelly";"43,80206400";"6,90200900"
"202400002962";"3";"12";"2024";"12:05";"1";"74";"74264";"2";"2";"1";"1";"29 Avenue de la colombière";"46,05394200";"6,55809200"
"202400002963";"2";"12";"2024";"17:30";"5";"74";"74264";"2";"1";"2";"7";"Avenue du mont blanc";"46,05714800";"6,55163900"
"202400002964";"11";"02";"2024";"11:38";"1";"13";"13014";"1";"1";"1";"7";"Voie Jean Pierre Lyon";"43,52034100";"5,17202300"
"202400002965";"10";"02";"2024";"14:45";"1";"57";"57303";"2";"3";"1";"3";"Route de maizières";"49,21699400";"6,17066900"
"202400002966";"2";"11";"2024";"20:15";"3";"14";"14227";"1";"1";"1";"5";"Route de Lisieux";"49,27343300";" -0,02215500"
"202400002967";"10";"02";"2024";"23:45";"3";"73";"73307";"1";"1";"1";"7";"Rue de la Chenalette";"45,17752200";"6,48788300"
"202400002968";"11";"02";"2024";"06:30";"2";"42";"42089";"1";"1";"2";"6";"1400 Route des Everts";"45,62276800";"3,97798400"
"202400002969";"10";"02";"2024";"18:30";"5";"38";"38344";"2";"1";"2";"6";"35 Route de Valence";"45,36056100";"4,80111600"
"202400002970";"29";"12";"2024";"17:25";"1";"971";"97107";"2";"1";"1";"7";"USINE (RUE DE L')";"16,05189504";" -61,56557769"
"202400002971";"8";"02";"2024";"18:40";"5";"33";"33473";"2";"1";"2";"1";"N/A";"45,13884000";" -0,44319200"
"202400002972";"29";"11";"2024";"10:00";"1";"34";"34108";"2";"6";"1";"3";"ROND POINT SALVADOR ALLENDE";"43,42325000";"3,72328000"
"202400002973";"26";"12";"2024";"20:46";"5";"78";"78190";"2";"1";"1";"6";"N/A";"48,87995000";"2,14112000"
"202400002974";"9";"02";"2024";"23:00";"3";"59";"59535";"1";"9";"1";"3";"Route du Mont Noir";"50,76924200";"2,74128000"
"202400002975";"7";"09";"2024";"21:10";"4";"33";"33281";"1";"1";"1";"6";"N/A";"44,83079000";" -0,67517000"
"202400002976";"10";"02";"2024";"06:47";"3";"13";"13071";"1";"1";"3";"6";"A51-Sens Aix en Provence vers Marseille";"43,41574000";"5,36488000"
"202400002977";"6";"12";"2024";"19:30";"5";"35";"35281";"2";"2";"1";"3";"rue des 25 Fusillés";"48,09032100";" -1,69276000"
"202400002978";"9";"02";"2024";"14:00";"1";"83";"83137";"1";"1";"2";"6";"A57";"43,13258891";"5,98224062"
"202400002979";"27";"11";"2024";"16:20";"1";"35";"35178";"1";"1";"1";"7";"N/A";"48,29428000";" -1,44561000"
"202400002980";"6";"02";"2024";"18:02";"3";"67";"67365";"1";"1";"1";"4";"M35";"48,53622000";"7,71089000"
"202400002981";"25";"09";"2024";"10:48";"1";"49";"49015";"2";"2";"2";"3";"N/A";"47,50338000";" -0,58608600"
"202400002982";"10";"02";"2024";"04:40";"5";"33";"33487";"1";"1";"3";"1";"N/A";"44,95052000";" -0,46290000"
"202400002983";"1";"12";"2024";"17:30";"1";"972";"97217";"1";"1";"1";"3";"La Duprey";"14,46863300";" -60,88204600"
"202400002984";"10";"02";"2024";"00:45";"4";"33";"33550";"1";"1";"3";"6";"N/A";"44,78244300";" -0,58531500"
"202400002985";"25";"10";"2024";"12:30";"1";"61";"61339";"2";"1";"2";"2";"D909";"48,76388700";" -0,24460600"
"202400002986";"10";"02";"2024";"18:00";"2";"91";"91136";"1";"1";"2";"6";"AUTOROUTE A10";"48,71069000";"2,28706000"
"202400002987";"27";"10";"2024";"12:55";"1";"972";"97209";"2";"1";"1";"2";"RD 41 (ROCADE)";"14,61063000";" -61,08305000"
"202400002988";"29";"10";"2024";"14:25";"1";"972";"97209";"1";"1";"1";"6";"AUTOROUTE (A1)";"14,61457000";" -61,05056000"
"202400002989";"10";"02";"2024";"14:30";"1";"78";"78640";"1";"1";"2";"6";"A86 INT";"48,77808600";"2,21340900"
"202400002990";"27";"10";"2024";"23:54";"5";"972";"97213";"1";"1";"2";"2";"AUTOROUTE A1";"14,60705000";" -61,00425000"
"202400002991";"26";"10";"2024";"18:46";"3";"972";"97213";"1";"1";"1";"1";"ROUTE DEPARTEMENTALE 3";"14,62667000";" -60,98839000"
"202400002992";"10";"02";"2024";"15:30";"1";"78";"78321";"1";"1";"3";"6";"RN12 INT";"48,79875600";"1,91554200"
"202400002993";"18";"10";"2024";"06:45";"1";"972";"97213";"1";"1";"1";"2";"ROUTE NATIONALE 5";"14,59664000";" -60,99582000"
"202400002994";"17";"10";"2024";"09:00";"1";"972";"97209";"2";"1";"1";"5";"REDOUTE (ROUTE DE LA)";"14,62000000";" -61,06000000"
"202400002995";"16";"10";"2024";"14:35";"1";"972";"97209";"2";"1";"1";"2";"RD 41 (ROCADE)";"14,61216000";" -61,07713000"
"202400002996";"10";"02";"2024";"17:45";"2";"92";"92036";"1";"1";"2";"2";"AUTOROUTE A15";"48,93788866";"2,29766722"
"202400002997";"10";"02";"2024";"10:00";"1";"95";"95241";"1";"1";"2";"6";"N104";"49,04663178";"2,45596073"
"202400002998";"9";"10";"2024";"08:15";"1";"972";"97213";"1";"2";"1";"3";"ROUTE DEPARTEMENTALE 3";"14,62150000";" -60,98820000"
"202400002999";"10";"02";"2024";"05:00";"3";"95";"95277";"1";"1";"1";"2";"A3";"48,97696983";"2,49221556"
"202400003000";"9";"02";"2024";"23:00";"5";"988";"98818";"2";"1";"1";"1";"RUE ADOLPHE ET LOUISE LAPLAGNE";" -22,25939000";"166,46691000"
"202400003001";"8";"10";"2024";"19:10";"3";"972";"97213";"1";"1";"1";"4";"ROUTE NATIONALE 5";"14,59645000";" -60,99402000"
"202400003002";"9";"02";"2024";"06:15";"2";"974";"97407";"1";"9";"1";"7";"ROUTE DU SACRE COEUR";" -20,95430000";"55,30865000"
"202400003003";"8";"10";"2024";"06:40";"1";"972";"97213";"1";"1";"1";"2";"ROUTE NATIONALE 5";"14,59572000";" -60,98576000"
"202400003004";"9";"02";"2024";"12:40";"1";"973";"97302";"2";"1";"1";"3";"BADUEL (ROUTE DE)";"4,92828491";" -52,29318649"
"202400003005";"2";"10";"2024";"02:05";"5";"972";"97213";"1";"1";"1";"2";"ROUTE DEPARTEMENTALE 15";"14,63138000";" -61,00831000"
"202400003006";"9";"02";"2024";"10:30";"1";"973";"97302";"1";"1";"1";"2";"ROUTE NATIONALE 1";"4,92854000";" -52,32900000"
"202400003007";"26";"09";"2024";"06:10";"1";"972";"97213";"1";"9";"3";"6";"ROUTE DEPARTEMENTALE 15";"14,65179000";" -61,01113000"
"202400003008";"18";"09";"2024";"18:20";"5";"972";"97209";"1";"1";"1";"2";"RD 41 (ROCADE)";"14,61662000";" -61,06037000"
"202400003009";"9";"02";"2024";"09:35";"1";"973";"97302";"1";"4";"1";"2";"ROUTE NATIONALE 1";"4,90625327";" -52,32173860"
"202400003010";"15";"09";"2024";"18:10";"4";"972";"97213";"1";"9";"1";"7";"AUTOROUTE A1";"14,59603000";" -60,99021000"
"202400003011";"9";"02";"2024";"07:45";"1";"973";"97302";"2";"1";"1";"6";"BADUEL (ROUTE DE)";"4,93395000";" -52,31051000"
"202400003012";"10";"09";"2024";"05:55";"1";"972";"97213";"1";"1";"1";"3";"ROUTE DEPARTEMENTALE 3";"14,60277000";" -60,99774900"
"202400003013";"9";"02";"2024";"10:50";"1";"69";"69387";"2";"2";"2";"3";"Avenue Tony Garnier";"45,72673203";"4,83084619"
"202400003014";"23";"08";"2024";"13:10";"1";"972";"97209";"1";"4";"1";"6";"RD 41";"14,61617000";" -61,07192000"
"202400003015";"9";"02";"2024";"01:00";"4";"972";"97213";"1";"1";"1";"7";"ROUTE DEPARTEMENTALE 3";"14,61390201";" -60,99459915"
"202400003016";"18";"08";"2024";"10:15";"1";"972";"97213";"2";"1";"1";"3";"ROUTE DEPARTEMENTALE 13";"14,63440000";" -61,01618000"
"202400003017";"9";"02";"2024";"14:45";"1";100;100037";"2";"1";"1";"2";"TOUTES RUES";"42,61988000";"9,43763000"
"202400003018";"7";"08";"2024";"16:30";"1";"972";"97213";"1";"1";"1";"3";"AUTOROUTE A1";"14,61795000";" -61,03171000"
"202400003019";"9";"02";"2024";"10:35";"1";100;100033";"2";"1";"1";"6";"SAMPIERO CORSO - AV";"42,67253000";"9,44354000"
"202400003020";"30";"07";"2024";"12:45";"1";"972";"97213";"1";"3";"1";"3";"ROUTE DEPARTEMENTALE 15";"14,63854000";" -61,01010000"
"202400003021";"8";"02";"2024";"09:45";"1";"971";"97120";"1";"1";"1";"3";"GERTY ARCHIMEDE (RESIDENCE)";"16,25066000";" -61,54397000"
"202400003022";"25";"10";"2024";"15:05";"1";"81";"81002";"1";"6";"1";"3";"N112";"43,51115300";"2,33493500"
"202400003023";"9";"02";"2024";"16:03";"1";101;101004";"2";"9";"2";"3";"ALATA ROUTE";"41,93552000";"8,73621000"
"202400003024";"28";"10";"2024";"17:15";"2";"80";"80160";"1";"1";"7";"5";"A29 - PK 198 - Sens LONGUEAU - DURY";"49,85314100";"2,35561800"
"202400003025";"9";"02";"2024";"07:30";"3";"95";"95500";"2";"3";"8";"6";"D915";"49,04484000";"2,07671000"
"202400003026";"28";"12";"2024";"23:45";"3";"28";"28229";"1";"3";"2";"2";"D939";"48,46402600";"1,42826800"
"202400003027";"9";"02";"2024";"19:00";"5";"91";"91471";"2";"9";"1";"6";"LOUISE WEISS (RUE)";"48,70608000";"2,19150000"
"202400003028";"27";"12";"2024";"23:00";"3";"28";"28405";"1";"2";"5";"2";"N12";"48,74875800";"1,26910300"
"202400003029";"9";"02";"2024";"05:20";"5";"91";"91434";"2";"2";"1";"3";"COMPIEGNE (VOIE DE)";"48,66168700";"2,36277400"
"202400003030";"12";"12";"2024";"11:50";"1";"38";"38563";"2";"1";"7";"6";"Avenue Docteur Valois";"45,35790000";"5,59257000"
"202400003031";"8";"02";"2024";"11:45";"1";"83";"83137";"2";"4";"1";"3";"LOUVOIS (BD)";"43,12937000";"5,93022000"
"202400003032";"11";"01";"2024";"14:05";"1";"78";"78640";"2";"1";"1";"6";"EUROPE (AVENUE DE L')";"48,78496500";"2,22186900"
"202400003033";"21";"12";"2024";"18:45";"5";"38";"38563";"2";"1";"1";"1";"Avenue de Paviot";"45,35159000";"5,59025000"
"202400003034";"6";"11";"2024";"13:30";"1";"24";"24557";"2";"1";"1";"6";"GRANDOU (AVENUE MICHEL)";"45,18844000";"0,75932000"
"202400003035";"7";"06";"2024";"10:30";"1";"91";"91286";"1";"1";"1";"3";"AUTOROUTE A6";"48,64819000";"2,38635000"
"202400003036";"6";"12";"2024";"07:30";"3";"84";"84095";"1";"1";"1";"2";"Jas de Puyvert";"43,75022600";"5,33262800"
"202400003037";"7";"06";"2024";"08:50";"1";"91";"91589";"1";"1";"1";"2";"AUTOROUTE A6";"48,67662000";"2,34012000"
"202400003038";"9";"02";"2024";"20:45";"5";"72";"72181";"2";"1";"2";"3";"PADERBORN (AV) CONTRE ALLEE";"48,00810000";"0,19957000"
"202400003039";"29";"11";"2024";"23:40";"5";"84";"84087";"1";"1";"1";"3";"FONTANELLE (CHEMIN)";"44,11041000";"4,84927000"
"202400003040";"6";"06";"2024";"18:45";"1";"92";"92036";"1";"1";"1";"2";"A86";"48,93684568";"2,29256988"
"202400003041";"8";"02";"2024";"20:15";"5";"72";"72181";"2";"1";"2";"2";"RUBILLARD AV N° PAIRS 2 A 116";"48,01199000";"0,18473000"
"202400003042";"1";"12";"2024";"16:40";"1";"74";"74281";"2";"1";"1";"1";"EVIAN (AVENUE D')";"46,37500000";"6,48380000"
"202400003043";"23";"11";"2024";"04:00";"5";"38";"38563";"1";"6";"9";"6";"rocade ouest";"45,37871883";"5,57182789"
"202400003044";"6";"06";"2024";"12:30";"1";"78";"78242";"1";"1";"1";"2";"A12 Y";"48,80488900";"2,04999900"
"202400003045";"9";"02";"2024";"12:35";"1";"71";"71306";"2";"1";"1";"6";"ALOUETTES (AVENUE DES)";"46,68035174";"4,36440307"
"202400003046";"19";"11";"2024";"16:00";"1";"75";"75118";"2";"1";"3";"3";"BOULEVARD DE LA CHAPELLE";"48,88453900";"2,36264500"
"202400003047";"9";"02";"2024";"15:35";"1";"71";"71270";"2";"6";"3";"3";"Rond point des médaillers militaires";"46,32380000";"4,82667000"
"202400003048";"7";"06";"2024";"11:05";"1";"93";"93053";"1";"1";"1";"2";"A86";"48,89937884";"2,46926068"
"202400003049";"25";"12";"2024";"06:50";"5";"93";"93007";"2";"3";"2";"2";"Avenue Descartes / Rue Edouard Renault";"48,94994053";"2,46395999"
"202400003050";"8";"02";"2024";"16:55";"1";"71";"71076";"2";"1";"1";"3";"LOUIS JACQUES THENARD (RUE)";"46,81223943";"4,84923767"
"202400003051";"7";"06";"2024";"11:30";"1";"93";"93027";"1";"1";"1";"2";"A86";"48,92521284";"2,39306196"
"202400003052";"15";"12";"2024";"10:04";"1";"93";"93007";"2";"1";"1";"6";"CHARLES FLOQUET (AVENUE)";"48,94003000";"2,44117000"
"202400003053";"7";"06";"2024";"11:30";"1";"93";"93001";"1";"1";"1";"2";"A86";"48,92130550";"2,37563789"
"202400003054";"9";"02";"2024";"19:50";"2";"69";"69276";"1";"6";"2";"2";"Route Départementale 312";"45,67886000";"4,85029000"
"202400003055";"8";"12";"2024";"22:00";"5";"93";"93007";"2";"1";"2";"3";"PASTEUR (AVENUE)";"48,94250417";"2,46718740"
"202400003056";"8";"10";"2024";"18:20";"1";"93";"93007";"2";"1";"2";"6";"DANIEL CASANOVA (CITE)";"48,92120826";"2,47359881"
"202400003057";"7";"06";"2024";"07:10";"1";"93";"93066";"1";"1";"1";"5";"A86";"48,92279921";"2,34859960"
"202400003058";"8";"02";"2024";"14:25";"1";"69";"69029";"2";"1";"1";"3";"Boulevard des Droits de l'Homme";"45,72937000";"4,92919000"
"202400003059";"21";"08";"2024";"13:45";"1";"93";"93007";"2";"3";"1";"3";"Avenue Paul Vaillant Couturier";"48,92670000";"2,47140000"
"202400003060";"9";"02";"2024";"18:15";"3";"67";"67267";"2";"3";"2";"6";"MOLKENBRONN (RUE DU)";"48,56424000";"7,69485000"
"202400003061";"7";"06";"2024";"02:50";"4";"93";"93048";"1";"1";"1";"2";"A3";"48,87018346";"2,43076748"
"202400003062";"19";"07";"2024";"17:30";"1";"93";"93007";"2";"3";"1";"3";"Avenue de la République / Rue Richard Wagner";"48,93554123";"2,46850515"
"202400003063";"18";"07";"2024";"02:10";"5";"93";"93007";"2";"3";"1";"6";"PASTEUR (AVENUE)";"48,93967000";"2,47178000"
"202400003064";"9";"02";"2024";"16:30";"1";"67";"67482";"2";"9";"2";"5";"M35 (BRETELLE ECHANGEUR)";"48,59501400";"7,74195700"
"202400003065";"21";"10";"2024";"07:15";"2";"17";"17224";"1";"2";"1";"3";"RD 939 / RD 121";"45,87809600";" -0,31680600"
"202400003066";"16";"02";"2024";"19:30";"5";"84";"84031";"2";"6";"1";"3";"EISENHOWER AVENUE DWIGHT";"44,03437000";"5,05109000"
"202400003067";"17";"07";"2024";"17:40";"1";"93";"93007";"2";"1";"1";"3";"Avenue de la Division Leclerc";"48,94688000";"2,45945000"
"202400003068";"6";"06";"2024";"09:00";"1";"974";"97411";"2";"1";"1";"7";"MONTHYON (RUE)";" -20,88694000";"55,45744000"
"202400003069";"9";"02";"2024";"14:15";"1";"67";"67482";"2";"8";"1";"3";"VOSGES (AVENUE DES)";"48,58862000";"7,75477000"
"202400003070";"23";"10";"2024";"15:30";"1";"87";"87103";"2";"1";"1";"6";"17 Rue du Collège";"46,00751100";"1,16891200"
"202400003071";"16";"07";"2024";"18:40";"1";"93";"93007";"2";"2";"1";"3";"Avenue du Capitaine Fonck / Avenue Marcel Alizard";"48,94656000";"2,44614000"
"202400003072";"9";"02";"2024";"15:00";"1";"65";"65226";"1";"1";"1";"6";"PAU (ROUTE DE)";"43,23930000";"0,01869000"
"202400003073";"6";"06";"2024";"13:25";"1";"973";"97302";"2";"6";"1";"3";"BADUEL (ROND POINT DE)";"4,93310660";" -52,30926919"
"202400003074";"24";"10";"2024";"07:36";"2";"08";"08491";"1";"1";"5";"6";"RD5";"49,74245100";"4,85748600"
"202400003075";"15";"12";"2024";"18:45";"3";"73";"73010";"1";"1";"1";"6";"Route de Droisette";"45,75658400";"5,95856000"