"Num_Acc";"jour";"mois";"an";"hrmn";"lum";"dep";"com";"agg";"int";"atm";"col";"adr";"lat";"long"
"202400004231";"28";"04";"2024";"17:30";"1";"93";"93078";"2";"6";"1";"4";"CLEMENCEAU (AVENUE GEORGES)";"48,96157000";"2,55496000"
"202400004232";"15";"09";"2024";"11:20";"1";"65";"65175";"1";"1";"1";"7";"D925";"42,91824900";"0,51313900"
"202400004233";"27";"11";"2024";"16:15";"1";"75";"75118";"2";"2";"2";"3";"BOULEVARD BARBES";"48,88556000";"2,34953100"
"202400004234";"28";"04";"2024";"17:56";"1";"93";"93072";"2";"3";"1";"3";"Boulevard Maxime Gorki / Rue Salvador Allende";"48,94670000";"2,38647000"
"202400004235";"16";"09";"2024";"08:05";"2";"33";"33352";"2";"5";"7";"6";"N/A";"44,58022000";" -0,03427300"
"202400004236";"27";"11";"2024";"16:30";"2";"75";"75117";"2";"7";"1";"3";"AVENUE DE LA PORTE DES TERNES";"48,88092800";"2,28395500"
"202400004237";"27";"04";"2024";"23:39";"5";"92";"92012";"2";"1";"2";"6";"QUATRE SEPTEMBRE (QUAI DU)";"48,84133000";"2,22543000"
"202400004238";"17";"09";"2024";"10:45";"1";"77";"77478";"1";"1";"1";"6";"A4 PK 54+0800";"48,97431600";"3,06846900"
"202400004239";"16";"09";"2024";"10:30";"1";"972";"97227";"2";"1";"1";"1";"N5";"14,46981700";" -60,92234900"
"202400004240";"28";"11";"2024";"08:20";"1";"75";"75116";"2";"7";"1";"3";"PLACE DU TROCADERO ET DU 11 NOVEMBRE";"48,86274700";"2,28746700"
"202400004241";"28";"04";"2024";"12:45";"1";101;101249";"2";"6";"1";"3";"D319a";"41,67389400";"8,90170700"
"202400004242";"17";"09";"2024";"08:48";"1";"29";"29181";"1";"1";"1";"4";"N12";"48,48627491";" -4,27639992"
"202400004243";"28";"11";"2024";"20:00";"5";"75";"75115";"2";"2";"1";"3";"QUAI DE GRENELLE";"48,84944600";"2,28163400"
"202400004244";"27";"04";"2024";"12:35";"1";"22";"22182";"1";"2";"1";"3";"la Ville Richard";"48,54336300";" -2,96127700"
"202400004245";"28";"11";"2024";"17:05";"2";"75";"75115";"2";"1";"1";"1";"RUE DE LA CONVENTION";"48,84234900";"2,28515300"
"202400004246";"17";"09";"2024";"07:32";"1";"29";"29095";"1";"1";"1";"2";"PK 63+200";"48,45800984";" -4,36340456"
"202400004247";"17";"09";"2024";"17:05";"1";"974";"97410";"1";"1";"1";"2";"150 Chemin de Ceinture";" -21,10242700";"55,71609200"
"202400004248";"28";"11";"2024";"09:26";"1";"75";"75113";"2";"2";"1";"3";"BOULEVARD KELLERMANN";"48,82099100";"2,35079300"
"202400004249";"28";"04";"2024";"04:00";"3";"67";"67430";"1";"1";"1";"7";"Saint-Pierre-Bois";"48,34197079";"7,36778710"
"202400004250";"17";"09";"2024";"14:50";"1";"84";"84039";"1";"1";"1";"1";"D907";"44,10546100";"4,85715900"
"202400004251";"27";"11";"2024";"18:00";"5";"75";"75113";"2";"1";"2";"6";"BOULEVARD MASSENA";"48,82323200";"2,37404500"
"202400004252";"29";"04";"2024";"17:00";"1";"76";"76534";"1";"1";"1";"1";"Rue des Six Chemins";"49,58950912";"0,22966482"
"202400004253";"17";"09";"2024";"15:00";"1";"34";"34270";"2";"1";"1";"6";"35 Avenue Georges Clemenceau";"43,57970300";"3,82289400"
"202400004254";"28";"04";"2024";"19:25";"2";"41";"41223";"1";"1";"1";"7";"A10";"47,61944200";"1,23574700"
"202400004255";"28";"11";"2024";"11:37";"1";"75";"75109";"2";"2";"1";"6";"RUE SAINT LAZARE";"48,87625700";"2,33189600"
"202400004256";"16";"09";"2024";"11:40";"1";"51";"51227";"1";"1";"1";"1";"RD977";"48,89220273";"4,29690427"
"202400004257";"28";"04";"2024";"17:34";"1";"974";"97413";"1";"1";"1";"6";"Chemin la Surprise";" -21,15626800";"55,29718800"
"202400004258";"16";"09";"2024";"15:00";"1";"80";"80710";"1";"2";"1";"3";"D928";"50,00520100";"1,72509000"
"202400004259";"26";"04";"2024";"09:15";"1";"974";"97413";"2";"1";"1";"6";"Chemin Dubuisson";" -21,17358700";"55,29518200"
"202400004260";"27";"11";"2024";"17:15";"5";"75";"75108";"2";"3";"1";"6";"AVENUE DE FRIEDLAND";"48,87407700";"2,29820800"
"202400004261";"14";"09";"2024";"09:40";"1";"34";"34107";"1";"1";"1";"7";"D14";"43,59854400";"2,84615600"
"202400004262";"29";"04";"2024";"05:50";"3";"34";"34199";"1";"1";"3";"6";"A75";"43,44467800";"3,42106100"
"202400004263";"17";"09";"2024";"08:33";"1";"25";"25212";"2";"3";"1";"2";"3 Rue de Châtillon";"47,27871200";"5,99347100"
"202400004264";"28";"11";"2024";"13:56";"1";"75";"75107";"2";"3";"1";"7";"RUE DE BEAUNE";"48,85925200";"2,33023400"
"202400004265";"28";"04";"2024";"17:40";"1";"58";"58086";"1";"1";"1";"2";"A77 au PK 105+800";"47,37347700";"2,92330700"
"202400004266";"16";"09";"2024";"20:00";"2";"29";"29241";"1";"1";"1";"1";"Lieu Dit Kervatal";"47,98397600";" -3,80205800"
"202400004267";"27";"04";"2024";"11:33";"1";"57";"57345";"2";"1";"1";"6";"16a Route d'Elzange";"49,35009400";"6,29902800"
"202400004268";"26";"11";"2024";"19:45";"5";"75";"75104";"2";"3";"8";"6";"RUE SAINT ANTOINE";"48,85509700";"2,36167900"
"202400004269";"15";"09";"2024";"11:50";"1";"15";"15154";"1";"4";"1";"3";"RD 157";"44,94242300";"2,61164500"
"202400004270";"28";"04";"2024";"15:35";"1";"51";"51212";"1";"1";"1";"2";"D12";"48,77413574";"4,29193284"
"202400004271";"28";"11";"2024";"10:35";"1";"94";"94068";"2";"2";"1";"1";"Rue Jules Ferry";"48,79802670";"2,48986486"
"202400004272";"15";"09";"2024";"16:30";"1";"01";"01141";"2";"3";"1";"7";"Route de l’Eglise";"45,81676200";"5,67793600"
"202400004273";"27";"04";"2024";"20:30";"3";101;101017";"1";"1";"1";"6";"D381";"42,00376225";"8,71040494"
"202400004274";"28";"11";"2024";"12:30";"1";"94";"94076";"2";"3";"1";"6";"Rue Jean Jaurès";"48,79258142";"2,36652911"
"202400004275";"17";"09";"2024";"18:35";"1";"72";"72115";"1";"1";"1";"7";"Route de Marthe";"47,66037300";"0,44727400"
"202400004276";"28";"11";"2024";"13:00";"1";"94";"94022";"2";"1";"1";"6";"Avenue Jean Jaurès";"48,76550000";"2,40901000"
"202400004277";"17";"09";"2024";"15:30";"1";"06";"06059";"1";"3";"8";"3";"Chemin du Ret Supérieur";"43,72875100";"7,37148300"
"202400004278";"28";"11";"2024";"17:10";"5";"94";"94071";"2";"1";"8";"6";"Avenue Winston Churchill";"48,76989400";"2,52283500"
"202400004279";"28";"04";"2024";"20:45";"2";"80";"80354";"2";"1";"1";"6";"11 Rue Principale";"49,98469600";"1,76816600"
"202400004280";"17";"09";"2024";"10:30";"1";"50";"50130";"1";"1";"1";"1";"Route du Bourg Neuf";"48,80648200";" -1,19226300"
"202400004281";"29";"04";"2024";"10:40";"1";"33";"33226";"1";"1";"1";"7";"N/A";"44,70029800";" -0,35453400"
"202400004282";"28";"11";"2024";"01:50";"5";"93";"93073";"2";"4";"8";"2";"CHAPIT RE ( RUE DU)";"49,00718411";"2,55828927"
"202400004283";"29";"04";"2024";"08:20";"1";"89";"89088";"1";"1";"1";"6";"Route départementale D 955";"47,84740300";"3,32377200"
"202400004284";"17";"09";"2024";"18:34";"1";"60";"60277";"2";"1";"1";"1";"Rue Jean Jaurès";"49,42300300";"2,04249400"
"202400004285";"28";"11";"2024";"17:15";"5";"93";"93072";"2";"1";"1";"6";"JEAN DURAND (RUE) COTE N°1 AU 45";"48,95578383";"2,37808743"
"202400004286";"28";"04";"2024";"18:15";"1";"86";"86086";"1";"3";"1";"3";"Lieu Dit la Belle Indienne";"46,82332700";"0,69183500"
"202400004287";"24";"11";"2024";"00:10";"5";"93";"93050";"2";"1";"1";"6";"VILLE BOIS MAREUIL (RUE)";"48,85656923";"2,52418363"
"202400004288";"16";"09";"2024";"17:50";"1";"64";"64368";"1";"2";"1";"3";"70 Route de Saint-Palais";"43,39013600";" -1,09731600"
"202400004289";"28";"04";"2024";"21:45";"3";"39";"39223";"1";"1";"2";"1";"N/A";"46,92814300";"5,65002000"
"202400004290";"17";"09";"2024";"13:00";"1";"16";"16009";"2";"3";"1";"6";"N/A";"45,97905200";"0,56861000"
"202400004291";"16";"09";"2024";"21:10";"3";"04";"04088";"1";"1";"1";"6";"Ancienne Route de Dauphin";"43,92675300";"5,79110900"
"202400004292";"27";"11";"2024";"20:20";"5";"93";"93032";"2";"2";"2";"4";"GEORGES POMPIDOU (AV DU)";"48,88272315";"2,53509521"
"202400004293";"29";"04";"2024";"08:30";"1";"38";"38130";"2";"3";"8";"6";"Avenue du Marechal Joffre";"45,39318800";"5,26663000"
"202400004294";"13";"09";"2024";"08:00";"2";"30";"30062";"1";"3";"7";"6";"D40";"43,79219400";"4,20544600"
"202400004295";"15";"09";"2024";"00:05";"5";"38";"38030";"2";"1";"1";"6";"rue Louis Durand";"45,34114400";"5,47202800"
"202400004296";"27";"11";"2024";"19:10";"5";"93";"93029";"2";"3";"1";"3";"BOIS DE GROSLAY (DES)";"48,91786000";"2,46664000"
"202400004297";"29";"04";"2024";"15:50";"1";"02";"02643";"1";"1";"1";"5";"N/A";"49,39776400";"3,15320500"
"202400004298";"28";"11";"2024";"12:40";"1";"93";"93008";"2";"1";"1";"6";"SEMARD (AVENUE PIERRE)";"48,90890000";"2,44578000"
"202400004299";"15";"09";"2024";"08:10";"2";"35";"35353";"1";"1";"1";"6";"RN12";"48,12564489";" -1,73514515"
"202400004300";"28";"11";"2024";"07:50";"2";"93";"93053";"2";"1";"1";"7";"PARIS (RUE DE)";"48,90386000";"2,46910000"
"202400004301";"17";"09";"2024";"16:00";"1";"42";"42279";"1";"1";"1";"6";"Les bruyas";"45,48031400";"4,24064200"
"202400004302";"29";"04";"2024";"11:15";"1";"02";"02424";"1";"1";"1";"1";"Route départemental 1";"49,41422400";"3,34304100"
"202400004303";"17";"09";"2024";"09:29";"1";"71";"71187";"1";"1";"1";"6";"Le Creusot TGV (Gare) Parking";"46,76423000";"4,49856000"
"202400004304";"28";"11";"2024";"11:35";"1";"93";"93001";"2";"2";"1";"6";"PAUL DOUMER (RUE)";"48,91743000";"2,38690000"
"202400004305";"29";"04";"2024";"08:20";"2";"14";"14371";"1";"1";"1";"6";"Route de Meulles";"48,98641000";"0,31967600"
"202400004306";"16";"09";"2024";"16:40";"1";"13";"13103";"1";"1";"1";"2";"Autoroute A7 - PK 231+000 - sens LYON /MARSEILLE";"43,67507300";"5,09525300"
"202400004307";"28";"11";"2024";"13:45";"1";"92";"92078";"2";"1";"1";"6";"ANCIENNES ECOLES (RUE)";"48,93429143";"2,33183831"
"202400004308";"27";"04";"2024";"20:36";"3";"50";"50124";"2";"3";"2";"1";"Route de la Mare de la Lande (La Mancellière)";"48,67013900";" -1,14256700"
"202400004309";"17";"09";"2024";"01:35";"3";"28";"28092";"1";"1";"1";"2";"A10";"48,35842300";"1,87723500"
"202400004310";"28";"11";"2024";"09:00";"1";"92";"92050";"2";"1";"1";"6";"REPUBLIQUE AVENUE DE LA";"48,91230906";"2,22395673"
"202400004311";"29";"04";"2024";"07:50";"1";"64";"64106";"1";"2";"2";"3";"CD 933";"43,30681800";" -1,00970100"
"202400004312";"11";"08";"2024";"18:45";"5";"974";"97420";"2";"1";"2";"6";"140 Avenue Pierre Mendès France";" -20,90912000";"55,60962200"
"202400004313";"16";"09";"2024";"09:00";"1";"37";"37027";"2";"2";"1";"1";"Avenue du 11 Novembre";"47,32503600";"1,00597300"
"202400004314";"27";"11";"2024";"18:00";"5";"92";"92026";"2";"3";"1";"6";"SAINT-DENIS BD (120 A 174 / DE 199 A 315";"48,90217131";"2,27370392"
"202400004315";"28";"04";"2024";"22:00";"4";"16";"16347";"1";"1";"1";"7";"N/A";"45,27976800";"0,12760870"
"202400004316";"27";"11";"2024";"17:50";"5";"92";"92023";"2";"1";"3";"6";"PORTE DE TRIVAUX (RUE DE) N°57 A 197 ET";"48,79140950";"2,26222873"
"202400004317";"17";"09";"2024";"16:00";"1";"58";"58214";"2";"1";"1";"1";"237 Rue du Manoir";"47,07615000";"3,10645900"
"202400004318";"11";"08";"2024";"14:00";"1";"973";"97305";"1";"1";"1";"2";"Route Nationale PK 13";"4,92423500";" -52,38938900"
"202400004319";"29";"04";"2024";"16:50";"1";"24";"24082";"1";"1";"1";"5";"D704a";"44,86262000";"1,26460300"
"202400004320";"28";"11";"2024";"13:45";"1";"92";"92002";"2";"3";"1";"3";"ABBAYE (RUE DE L')";"48,75189518";"2,29797408"
"202400004321";"15";"09";"2024";"19:30";"2";"67";"67313";"2";"1";"1";"2";"45 Rue du Marechal Foch";"48,53852100";"7,45494800"
"202400004322";"11";"08";"2024";"06:45";"1";"971";"97115";"1";"1";"1";"1";"Route Nationale 2";"16,27106000";" -61,65401800"
"202400004323";"28";"11";"2024";"20:30";"3";"35";"35146";"1";"1";"8";"6";"LE PRE DE PENABAT";"48,24842898";" -1,78889796"
"202400004324";"8";"09";"2024";"03:50";"3";"67";"67131";"2";"1";"2";"7";"M468";"48,48645200";"7,72945000"
"202400004325";"12";"08";"2024";"02:30";"3";"977";"97701";"2";"1";"1";"7";"Grand Fond";"17,89300100";" -62,80976100"
"202400004326";"28";"04";"2024";"18:30";"1";"24";"24354";"1";"1";"1";"1";"Avenue de la Double";"45,14021700";"0,04574800"
"202400004327";"14";"11";"2024";"03:00";"3";"21";"21599";"1";"1";"1";"1";"A31";"47,64748400";"5,17836400"
"202400004328";"9";"08";"2024";"10:41";"1";"33";"33165";"1";"6";"1";"1";"N/A";"44,82619200";" -0,43181400"
"202400004329";"27";"04";"2024";"19:10";"1";"24";"24311";"2";"1";"3";"1";"Avenue du Génèral de Gaulle";"45,52225130";"0,66052079"
"202400004330";"16";"09";"2024";"17:56";"2";"73";"73284";"2";"4";"1";"3";"D915 Avenue des thermes";"45,47702100";"6,52757700"
"202400004331";"29";"11";"2024";"03:00";"3";"71";"71150";"1";"1";"1";"6";"Aire de Crêches (Aire de repos)";"46,23513900";"4,79460400"
"202400004332";"7";"08";"2024";"16:08";"1";"41";"41220";"1";"1";"1";"5";"D951";"47,71178700";"1,60230600"
"202400004333";"29";"04";"2024";"10:15";"1";"37";"37050";"2";"2";"1";"5";"avenue de la république";"47,34105500";"0,72295200"
"202400004334";"29";"11";"2024";"13:15";"1";"27";"27230";"2";"2";"1";"3";"44 Rue Octave Lenoir";"48,86476100";"1,41540200"
"202400004335";"12";"08";"2024";"01:55";"2";"95";"95370";"1";"1";"1";"7";"D28";"49,15204867";"1,97881301"
"202400004336";"26";"11";"2024";"07:28";"2";"11";"11421";"2";"3";"1";"3";"N/A";"43,21417600";"2,86134800"
"202400004337";"11";"08";"2024";"08:00";"1";"34";"34162";"1";"6";"1";"2";"D613";"43,46507400";"3,50873600"
"202400004338";"28";"04";"2024";"19:27";"1";"08";"08038";"1";"4";"1";"3";"D26";"49,46811000";"4,24059400"
"202400004339";"28";"11";"2024";"14:30";"1";"63";"63181";"1";"1";"2";"5";"D2144";"46,01711449";"3,08748948"
"202400004340";"28";"04";"2024";"15:15";"1";"90";"90015";"1";"1";"2";"6";"Autoroute A36, barreau 19-36M, PK 000.700";"47,59161546";"6,85644731"
"202400004341";"11";"08";"2024";"16:35";"1";"83";"83150";"2";"1";"1";"6";"Route de Gréoux";"43,73294900";"5,82884800"
"202400004342";"28";"11";"2024";"19:55";"5";"23";"23176";"2";"6";"2";"7";"2 Avenue de la République";"46,23868304";"1,49371147"
"202400004343";"28";"04";"2024";"09:14";"1";"69";"69235";"1";"1";"3";"1";"2230 Route de Rive-de-Gier";"45,53180100";"4,85145600"
"202400004344";"29";"11";"2024";"05:30";"3";"62";"62009";"1";"1";"5";"7";"D35";"50,19156124";"2,69419021"
"202400004345";"10";"08";"2024";"10:00";"1";"05";"05065";"1";"6";"1";"3";"intersection RN94 RD 902A";"44,66584500";"6,61462800"
"202400004346";"29";"04";"2024";"10:15";"1";"78";"78569";"1";"1";"1";"2";"Autoroute A11, PK 025+800 direction Paris";"48,54623200";"1,91288000"
"202400004347";"28";"11";"2024";"17:42";"5";"57";"57097";"2";"1";"1";"6";"Rue du General Newinger";"49,17969900";"6,49671800"
"202400004348";"24";"04";"2024";"15:30";"1";"37";"37072";"2";"1";"1";"7";"Rue du Grand Ballet";"47,19389700";"0,23273000"