"Num_Acc";"jour";"mois";"an";"hrmn";"lum";"dep";"com";"agg";"int";"atm";"col";"adr";"lat";"long"
"202400004349";"29";"11";"2024";"11:45";"1";100;100050";"1";"1";"1";"6";"Route de l?Aeroport";"42,53807000";"8,79037100"
"202400004350";"18";"04";"2024";"15:45";"1";"28";"28007";"2";"9";"1";"7";"10 Route de Boncourt";"48,85244700";"1,44594100"
"202400004351";"24";"02";"2024";"16:00";"1";"13";"13027";"1";"2";"1";"3";"D571";"43,86247400";"4,84949800"
"202400004352";"28";"04";"2024";"18:10";"1";"78";"78128";"1";"1";"8";"1";"D24";"48,67450500";"1,95580200"
"202400004353";"28";"11";"2024";"19:45";"5";"71";"71591";"1";"6";"1";"2";"D906";"46,44955300";"4,88642100"
"202400004354";"28";"04";"2024";"21:50";"3";"13";"13099";"1";"1";"1";"6";"D952";"43,71568600";"5,78311600"
"202400004355";"11";"08";"2024";"17:45";"1";"67";"67229";"1";"4";"1";"3";"carrefour D883  - D683";"48,66982200";"7,42115700"
"202400004356";"29";"11";"2024";"09:00";"1";"89";"89186";"1";"1";"1";"6";"Grande Rue";"48,00555100";"3,79720300"
"202400004357";"27";"04";"2024";"16:20";"1";"33";"33029";"1";"1";"3";"6";"N/A";"44,65170900";" -0,74258000"
"202400004358";"12";"08";"2024";"12:05";"1";"63";"63213";"1";"1";"1";"7";"D1093";"45,84365900";"3,27478400"
"202400004359";"25";"04";"2024";"19:00";"1";"44";"44215";"1";"1";"1";"1";"Route des Sorinières";"47,16179500";" -1,49214500"
"202400004360";"27";"11";"2024";"15:43";"1";"63";"63362";"2";"4";"1";"3";"Place de la Halle";"45,91877239";"3,24817121"
"202400004361";"28";"04";"2024";"14:56";"1";"22";"22379";"2";"1";"1";"7";"Voie Communale Vieille Côte de Trestel";"48,81746100";" -3,35620500"
"202400004362";"12";"08";"2024";"16:45";"1";"87";"87161";"1";"1";"1";"1";"Lieu Dit Eycouveaux";"45,86130200";"1,51660700"
"202400004363";"28";"11";"2024";"17:45";"2";"63";"63087";"1";"1";"2";"6";"RD 142";"45,42559400";"3,08372500"
"202400004364";"12";"08";"2024";"17:45";"1";"33";"33104";"1";"1";"1";"3";"N/A";"45,03297500";" -0,78757700"
"202400004365";"29";"11";"2024";"20:01";"3";"61";"61474";"1";"1";"1";"3";"D926";"48,74905800";"0,01626400"
"202400004366";"29";"04";"2024";"14:45";"1";"62";"62474";"2";"1";"1";"3";"D901";"50,67725464";"1,64613836"
"202400004367";"28";"11";"2024";"20:54";"3";"12";"12021";"1";"1";"1";"6";"La Combe Haute (La Bastide-l'Évêque)";"44,31247200";"2,12562900"
"202400004368";"12";"08";"2024";"10:10";"1";"33";"33312";"1";"1";"1";"3";"N/A";"44,96686700";" -0,55322400"
"202400004369";"27";"04";"2024";"12:50";"1";"13";"13071";"1";"1";"1";"2";"A51-Sens Marseille vers Aix en Provence";"43,41222988";"5,36422948"
"202400004370";"28";"11";"2024";"09:55";"1";"31";"31247";"2";"1";"1";"6";"5 Place Jules Massenet";"43,08112900";"0,67187200"
"202400004371";"10";"08";"2024";"14:40";"1";"85";"85003";"1";"1";"1";"3";"la gouinière";"46,74071300";" -1,56689300"
"202400004372";"28";"11";"2024";"17:20";"3";"38";"38315";"2";"1";"2";"6";"Avenue de la Bergerie";"45,53554300";"5,66036200"
"202400004373";"27";"04";"2024";"00:10";"3";"69";"69204";"1";"1";"1";"5";"Autoroute 450 ";"45,68716494";"4,81057022"
"202400004374";"21";"07";"2024";"16:45";"1";"56";"56007";"2";"2";"1";"3";"Avenue Yves Kerroux";"47,67535800";" -2,98839900"
"202400004375";"29";"11";"2024";"11:00";"1";"06";"06032";"1";"1";"1";"6";"Route Moyenne Corniche";"43,72483600";"7,39398100"
"202400004376";"23";"04";"2024";"16:30";"1";"67";"67152";"1";"1";"1";"4";"M35";"48,52730000";"7,68470000"
"202400004377";"12";"08";"2024";"09:30";"1";"22";"22242";"1";"1";"1";"6";"D 89- la ville neuve";"48,59945027";" -2,38441400"
"202400004378";"25";"11";"2024";"02:00";"3";"64";"64276";"1";"1";"1";"6";"D918";"43,10585500";" -0,64924500"
"202400004379";"28";"04";"2024";"22:30";"3";"94";"94021";"1";"1";"1";"7";"A6B";"48,77137155";"2,34509948"
"202400004380";"9";"08";"2024";"17:00";"1";"62";"62627";"1";"1";"7";"7";"Rue de Sailly";"50,30389700";"3,01742100"
"202400004381";"27";"11";"2024";"23:00";"4";"53";"53271";"2";"1";"2";"6";"Rue de la Boorie";"48,34084300";" -0,28355600"
"202400004382";"28";"04";"2024";"00:20";"5";"93";"93066";"1";"1";"1";"2";"A1";"48,91224353";"2,35780750"
"202400004383";"10";"08";"2024";"15:27";"1";"59";"59618";"2";"1";"1";"1";"Rue de Marpent";"50,32427838";"4,04697163"
"202400004384";"28";"11";"2024";"23:25";"5";"04";"04088";"2";"1";"1";"1";"Avenue du Général de Gaulle";"43,95544100";"5,77526300"
"202400004385";"27";"04";"2024";"19:20";"1";"95";"95572";"1";"1";"2";"6";"A15";"49,03286050";"2,10794605"
"202400004386";"26";"11";"2024";"07:30";"5";"27";"27543";"2";"1";"8";"6";"23 Route de Dreux";"48,78578800";"1,36341800"
"202400004387";"12";"08";"2024";"11:30";"1";"59";"59158";"2";"1";"7";"1";"D938";"50,45003800";"3,19854500"
"202400004388";"28";"04";"2024";"13:48";"1";"94";"94028";"1";"1";"1";"2";"A86";"48,79983715";"2,44627859"
"202400004389";"10";"08";"2024";"01:55";"3";"59";"59465";"1";"1";"1";"6";"Rue du Corbeau";"50,11520900";"3,57063700"
"202400004390";"28";"11";"2024";"08:10";"1";"17";"17057";"1";"3";"1";"3";"D115";"46,16762200";" -0,83635400"
"202400004391";"27";"04";"2024";"20:00";"1";"77";"77294";"1";"1";"3";"2";"A104";"48,97017700";"2,59721300"
"202400004392";"5";"05";"2024";"21:38";"3";"13";"13117";"1";"1";"1";"7";"A7-Sens Marseille vers Lyon";"43,47635000";"5,23763000"
"202400004393";"11";"08";"2024";"19:15";"1";"13";"13085";"1";"1";"1";"7";"A50-Sens Toulon vers Aubagne";"43,26240000";"5,58960000"
"202400004394";"27";"04";"2024";"12:00";"1";"93";"93051";"1";"1";"1";"2";"A4";"48,83662815";"2,54787956"
"202400004395";"28";"11";"2024";"16:55";"2";"30";"30224";"1";"1";"1";"5";"D22";"43,91853800";"4,24102300"
"202400004396";"27";"04";"2024";"07:20";"1";"94";"94046";"1";"1";"1";"6";"A86 EXT";"48,80856288";"2,44905786"
"202400004397";"28";"11";"2024";"17:05";"2";"66";"66172";"2";"1";"1";"6";"Avenue de la Mirande";"42,71408600";"2,85170900"
"202400004398";"11";"08";"2024";"06:50";"2";"13";"13212";"2";"1";"1";"2";"A507 sens Aubagne- Marseille";"43,30933966";"5,42489187"
"202400004399";"24";"02";"2024";"04:30";"3";"74";"74282";"1";"1";"1";"1";"A410 ";"46,03678155";"6,24024452"
"202400004400";"9";"08";"2024";"01:40";"5";"13";"13202";"1";"9";"1";"7";"TVPCM-Sens Saint Victor vers Les Ports";"43,29430000";"5,36396000"
"202400004401";"23";"11";"2024";"10:15";"1";"13";"13103";"1";"1";"1";"3";"A54, PK 72+700, direction NIMES";"43,62643000";"5,11857700"
"202400004402";"20";"02";"2024";"17:20";"1";"74";"74236";"2";"9";"1";"6";"Route de megève ";"45,90501000";"6,70045300"
"202400004403";"22";"11";"2024";"18:35";"4";"971";"97116";"1";"1";"1";"3";"Route de l?Etoile";"16,32045300";" -61,48912700"
"202400004404";"28";"11";"2024";"11:50";"1";"971";"97126";"1";"1";"1";"7";"Lieu Dit Pelisson";"15,93984100";" -61,27014600"
"202400004405";"10";"08";"2024";"15:20";"1";"83";"83144";"1";"1";"1";"4";"A57";"43,13924220";"5,99734560"
"202400004406";"11";"02";"2024";"06:00";"3";"74";"74019";"1";"1";"8";"1";"Voie des Aravis (Pont) ";"45,93768600";"6,14455200"
"202400004407";"7";"02";"2024";"18:15";"5";"74";"74225";"2";"1";"2";"6";"Rue du Mont-Blanc ";"45,85915100";"5,95027700"
"202400004408";"9";"08";"2024";"11:45";"1";"69";"69256";"1";"1";"1";"2";"Rocade Est";"45,79631160";"4,94410421"
"202400004409";"24";"11";"2024";"05:20";"3";"77";"77420";"1";"1";"1";"2";"N2";"49,04819200";"2,69439700"
"202400004410";"4";"02";"2024";"08:30";"1";"74";"74070";"1";"1";"1";"7";"RD 1005 ";"46,29105138";"6,27150226"
"202400004411";"11";"08";"2024";"18:09";"1";"77";"77251";"1";"1";"1";"7";"AUTOROUTE A5A";"48,61945800";"2,55362200"
"202400004412";"29";"11";"2024";"16:45";"2";"77";"77183";"2";"1";"1";"6";"Rue Jean-jaurès";"48,94544100";"3,12520300"
"202400004413";"3";"02";"2024";"15:30";"1";"74";"74311";"1";"1";"1";"6";"Route des brasses ";"46,16180200";"6,41151500"
"202400004414";"11";"08";"2024";"16:30";"1";"94";"94021";"1";"1";"1";"2";"A106";"48,76360182";"2,34384403"
"202400004415";"19";"11";"2024";"17:35";"3";"77";"77440";"2";"1";"3";"1";"D21p";"48,94908800";"3,07351000"
"202400004416";"28";"11";"2024";"18:00";"2";"77";"77217";"1";"1";"1";"3";"D319";"48,67693900";"2,66578900"
"202400004417";"28";"01";"2024";"01:20";"3";"74";"74272";"2";"1";"1";"5";"Route de Nonglard ";"45,94550600";"6,03906900"
"202400004418";"11";"08";"2024";"11:56";"1";"94";"94076";"1";"1";"1";"4";"A6B";"48,79406378";"2,34526514"
"202400004419";"28";"11";"2024";"16:15";"1";"66";"66171";"2";"6";"1";"6";"Rue Roland Dorgelès";"42,62222800";"3,01014100"
"202400004420";"1";"01";"2024";"05:00";"3";"74";"74211";"1";"1";"1";"6";"480 Route de moussy ";"46,10044300";"6,26896600"
"202400004421";"28";"11";"2024";"19:10";"5";"66";"66171";"1";"1";"1";"6";"N/A";"42,62549700";"3,02338600"
"202400004422";"11";"08";"2024";"08:05";"1";"94";"94034";"1";"1";"1";"2";"A6A";"48,75120273";"2,32960518"
"202400004423";"26";"04";"2024";"08:59";"1";"987";"98735";"2";"2";"1";"6";"DESTREMEAU (RUE BLOC ECOLE MATERNELLE PA";" -17,54468600";" -149,57562400"
"202400004424";"9";"08";"2024";"05:45";"3";"77";"77251";"1";"1";"1";"2";"RN 104";"48,64509329";"2,54658043"
"202400004425";"27";"11";"2024";"07:40";"2";"34";"34022";"2";"3";"1";"3";"Rue du Colombier";"43,65786100";"4,01147200"
"202400004426";"27";"04";"2024";"18:40";"4";"974";"97407";"2";"1";"1";"3";"ROMERO(AVENUE)";" -20,94769000";"55,29594000"
"202400004427";"29";"11";"2024";"09:15";"1";"34";"34327";"1";"1";"1";"2";"RD68";"43,66902000";"3,96832800"
"202400004428";"11";"08";"2024";"15:50";"1";"92";"92064";"1";"1";"1";"2";"A13";"48,83949368";"2,20466483"
"202400004429";"26";"04";"2024";"22:13";"5";"972";"97213";"1";"1";"1";"2";"ROUTE DEPARTEMENTALE 14";"14,64615364";" -61,02329688"
"202400004430";"11";"08";"2024";"08:45";"1";"92";"92050";"1";"1";"1";"7";"A14";"48,90203098";"2,19992423"
"202400004431";"28";"11";"2024";"18:20";"5";"71";"71176";"2";"2";"3";"6";"15 Rue de la Faïencerie";"46,48606300";"3,99028200"
"202400004432";"27";"04";"2024";"10:00";"1";"972";"97213";"2";"4";"1";"3";"";"14,62275000";" -61,01893000"
"202400004433";"29";"11";"2024";"14:30";"1";"54";"54305";"2";"3";"1";"6";"Rue du Baron de Courcelles";"48,74807700";"6,20088300"
"202400004434";"27";"04";"2024";"10:40";"1";"972";"97213";"2";"1";"1";"2";"NELSON MANDELA";"14,61081000";" -61,00189000"
"202400004435";"10";"08";"2024";"19:45";"1";"92";"92047";"1";"1";"1";"4";"A13";"48,83231571";"2,15438418"
"202400004436";"27";"04";"2024";"08:40";"1";"971";"97113";"1";"1";"1";"7";"Section Port Blanc";"16,23102000";" -61,46655000"
"202400004437";"27";"04";"2024";"02:50";"4";"971";"97101";"2";"9";"2";"7";"PERRIN (SECTEUR)";"16,29408000";" -61,51131000"
"202400004438";"11";"08";"2024";"07:00";"1";"95";"95018";"1";"1";"1";"2";"A15";"48,95863789";"2,27437326"
"202400004439";"10";"08";"2024";"20:00";"1";"95";"95582";"2";"1";"1";"6";"A115";"48,97702211";"2,24108916"
"202400004440";"26";"04";"2024";"23:15";"5";"971";"97101";"2";"1";"1";"2";"RN1-  HAUTEUR DE SORTIE LAURICISQUE";"16,25324518";" -61,54762298"
"202400004441";"31";"05";"2024";"17:05";"1";"74";"74147";"2";"1";"1";"6";"395 Route de marceau";"45,77838600";"6,20298800"
"202400004442";"27";"04";"2024";"11:40";"1";"91";"91479";"2";"9";"1";"3";"AV DE VERDUN";"48,70576000";"2,36345000"
"202400004443";"27";"04";"2024";"15:00";"1";"83";"83126";"2";"2";"1";"3";"STALINGRAD (BD)";"43,10604557";"5,86717602"
"202400004444";"24";"04";"2024";"21:13";"3";"74";"74256";"1";"3";"2";"3";"Avenue de geneve";"45,97306500";"6,63015200"
"202400004445";"23";"04";"2024";"07:55";"1";"83";"83061";"2";"1";"1";"6";"D8";"43,43315000";"6,72198000"
"202400004446";"27";"04";"2024";"03:38";"5";"81";"81004";"2";"1";"1";"6";"THOMAS (AV ALBERT)";"43,93672000";"2,14682000"
"202400004447";"7";"05";"2024";"19:50";"1";"74";"74109";"1";"1";"2";"5";"D1508";"46,07058100";"5,85502600"
"202400004448";"28";"03";"2024";"11:45";"1";"78";"78350";"2";"1";"1";"6";"GENERAL DE GAULLE (RUE DU)";"48,86102200";"2,12241600"
"202400004449";"28";"05";"2024";"10:30";"1";"74";"74104";"1";"1";"1";"3";"Route d'Annecy";"45,79510600";"6,21316600"
"202400004450";"27";"04";"2024";"23:45";"5";"78";"78498";"2";"3";"2";"6";"SAINT SEBASTIEN RUE";"48,93901000";"2,05930000"
"202400004451";"20";"05";"2024";"10:45";"1";"74";"74063";"2";"1";"1";"6";"265 Route du taude";"46,27544700";"6,83853900"
"202400004452";"27";"04";"2024";"18:58";"1";"77";"77384";"1";"1";"1";"1";"CHEMIN DES PLAINES";"48,60138900";"2,60777800"
"202400004453";"27";"04";"2024";"07:20";"2";"77";"77487";"2";"1";"2";"1";"CLOS SAINT MARTIN  (DU)";"48,52264000";"2,69345000"
"202400004454";"26";"05";"2024";"11:20";"1";"74";"74256";"1";"3";"1";"3";"1806 Route de megève";"45,92329700";"6,63421900"
"202400004455";"27";"04";"2024";"08:30";"1";"77";"77433";"1";"1";"1";"7";"D 15";"48,75854400";"3,07075000"
"202400004456";"25";"05";"2024";"22:00";"3";"74";"74112";"2";"1";"1";"3";"N/A";"45,92972200";"6,12039300"
"202400004457";"27";"04";"2024";"03:20";"3";"76";"76497";"1";"1";"3";"7";"N138";"49,37943406";"1,05019856"
"202400004458";"27";"04";"2024";"20:05";"2";"74";"74010";"2";"1";"1";"6";"MARECHAL LECLERC (PROMENADE/RUE)";"45,91489000";"6,11794000"
"202400004459";"24";"05";"2024";"07:30";"1";"74";"74267";"2";"1";"1";"7";"N/A";"45,84638400";"6,14746500"
"202400004460";"27";"05";"2024";"06:30";"2";"74";"74065";"1";"1";"2";"7";"RD 992";"46,03473261";"5,96896623"
"202400004461";"27";"04";"2024";"22:45";"5";"71";"71270";"2";"3";"1";"3";"INTER  Quai Lamartine-Pont Saint-Laurent";"46,30532000";"4,83584000"
"202400004462";"27";"04";"2024";"04:01";"4";"71";"71445";"2";"1";"1";"6";"LOUIS ALPHONSE POITEVIN (RUE)";"46,76841000";"4,86616000"
"202400004463";"21";"05";"2024";"09:20";"1";"74";"74236";"2";"1";"1";"6";"N/A";"45,90686525";"6,70419216"
"202400004464";"16";"04";"2024";"17:00";"1";"74";"74291";"1";"1";"8";"1";"D1508";"46,03896700";"5,88854300"
"202400004465";"26";"04";"2024";"11:30";"1";"69";"69266";"2";"3";"2";"3";"9 Rue Léon Blum";"45,75954022";"4,89191398"
"202400004466";"21";"02";"2024";"09:41";"1";"74";"74002";"1";"3";"1";"3";"D1201";"45,82002600";"6,02622600"
"202400004467";"27";"04";"2024";"11:50";"1";"66";"66136";"2";"1";"2";"6";"DELAGE Louis";"42,73990246";"2,89016604"
"202400004468";"17";"01";"2024";"10:15";"1";"35";"35238";"2";"1";"1";"3";"Rue Anatole Le Braz";"48,11857800";" -1,66257500"
"202400004469";"27";"04";"2024";"23:54";"5";"64";"64102";"2";"1";"2";"7";"AQUITAINE (AVENUE DE L')";"43,48643000";" -1,47064000"
"202400004470";"27";"04";"2024";"18:40";"1";"64";"64102";"2";"1";"2";"7";"ARITXAGUE (BD D')";"43,47119000";" -1,49153000"
"202400004471";"21";"02";"2024";"15:30";"1";"84";"84039";"1";"1";"1";"3";"A7";"44,07259750";"4,88279972"
"202400004472";"21";"02";"2024";"04:35";"3";"84";"84087";"1";"1";"1";"6";"Autoroute A7 pk 173.100";"44,10818800";"4,85151500"
"202400004473";"27";"04";"2024";"23:45";"5";"63";"63113";"2";"7";"2";"6";"BLATIN (RUE)";"45,77716000";"3,08159000"
"202400004474";"14";"02";"2024";"13:00";"1";"84";"84071";"2";"1";"1";"6";"157 Avenue du Tourail";"43,86739000";"5,14668700"
"202400004475";"27";"04";"2024";"19:15";"1";"63";"63164";"1";"2";"1";"2";"CEBAZAT (RTE DE) ";"45,82382000";"3,13425000"
"202400004476";"23";"01";"2024";"18:00";"3";"84";"84129";"1";"3";"1";"1";"1951 Avenue d'Orange";"44,02479800";"4,87264000"
"202400004477";"17";"01";"2024";"17:45";"2";"84";"84129";"2";"1";"2";"3";"Allée de la Traille";"43,99134000";"4,86908500"
"202400004478";"12";"02";"2024";"07:30";"3";"84";"84129";"1";"1";"1";"6";"Chemin de la Lionne";"44,02403600";"4,84456300"
"202400004479";"10";"08";"2024";"21:40";"5";"988";"98818";"2";"3";"1";"4";"AVENUE DU MARECHAL FOCH/Rue SUFFREN";" -22,27879000";"166,44318000"
"202400004480";"9";"08";"2024";"16:55";"1";"976";"97611";"2";"7";"1";"7";"m'tsapere-Nationale 2 (route)";" -12,79448000";"45,21684000"
"202400004481";"26";"04";"2024";"15:50";"1";"62";"62193";"1";"1";"1";"5";"A216";"50,94978000";"1,90548000"
"202400004482";"6";"08";"2024";"10:20";"1";"976";"97611";"1";"1";"1";"2";"m'tsapere-Nationale 2 (route)";" -12,79302000";"45,21997000"
"202400004483";"27";"04";"2024";"17:50";"1";"56";"56260";"2";"3";"2";"6";"Avenue Edgar Degas";"47,67345000";" -2,76309000"
"202400004484";"26";"04";"2024";"17:25";"1";"54";"54547";"2";"9";"1";"3";"Rue Raymond Poincaré";"48,66906883";"6,19506061"
"202400004485";"9";"08";"2024";"09:20";"1";"976";"97611";"2";"7";"1";"3";"mamoudzou centre-Mariage (place -mamoudz";" -12,77750000";"45,23169000"
"202400004486";"10";"08";"2024";"05:00";"5";"974";"97416";"2";"1";"1";"3";"AERODROME (CHEMIN DE L')";" -21,32352000";"55,44525000"
"202400004487";"27";"04";"2024";"16:50";"1";"51";"51454";"2";"1";"1";"4";"POMMERY (BOULEVARD)";"49,24658300";"4,05090900"
"202400004488";"10";"08";"2024";"23:50";"5";"974";"97411";"2";"1";"2";"2";"JAURES (BLD 1 JEAN)";" -20,89013000";"55,46508000"
"202400004489";"27";"04";"2024";"18:44";"1";"49";"49267";"1";"1";"1";"3";"A87N";"47,46635000";" -0,51624000"
"202400004490";"27";"04";"2024";"23:59";"3";"49";"49267";"1";"1";"1";"7";"A87N";"47,46700000";" -0,51520000"
"202400004491";"10";"08";"2024";"18:58";"2";"974";"97411";"2";"1";"1";"3";"RIVIERE DES PLUIES (ROUTE DE LA)";" -20,90364000";"55,50342000"
"202400004492";"27";"04";"2024";"14:50";"1";"49";"49007";"2";"1";"1";"1";"PETITES MUSSES";"47,45557000";" -0,57113000"
"202400004493";"7";"08";"2024";"17:00";"1";"973";"97302";"2";"3";"1";"3";"MONTABO (ROUTE DE) 3";"4,94176436";" -52,30414876"
"202400004494";"27";"04";"2024";"15:45";"1";"45";"45234";"2";"2";"8";"3";"D14 PR 8 + 570";"47,84622000";"1,94090000"
"202400004495";"6";"08";"2024";"16:10";"1";"973";"97302";"1";"1";"1";"2";"ROUTE NATIONALE 3";"4,90578000";" -52,32086000"
"202400004496";"26";"04";"2024";"20:30";"1";"38";"38185";"2";"5";"1";"3";"Cours de la Libération et du Général de Gaulle";"45,15894000";"5,70941000"
"202400004497";"9";"08";"2024";"12:20";"1";"973";"97302";"2";"1";"1";"2";"TROUBIRAN (CHEMIN DE)";"4,92160165";" -52,30399811"
"202400004498";"27";"04";"2024";"19:00";"1";"37";"37122";"2";"1";"1";"2";"JEAN JAURES";"47,34725000";"0,65250000"
"202400004499";"9";"08";"2024";"00:51";"3";"972";"97213";"1";"1";"2";"6";"AUTOROUTE A1";"14,61816400";" -61,02889600"
"202400004500";"27";"04";"2024";"21:05";"5";"37";"37261";"2";"1";"1";"2";"PONT DU LAC ";"47,36742000";"0,69820000"
"202400004501";"10";"08";"2024";"14:00";"1";"69";"69384";"2";"1";"1";"4";"Cours d'Herbouville";"45,77524000";"4,83926000"
"202400004502";"27";"04";"2024";"16:30";"1";"33";"33550";"2";"2";"3";"6";"N/A";"44,78403000";" -0,56630900"
"202400004503";"9";"08";"2024";"20:05";"5";"971";"97101";"2";"9";"1";"6";"BOULEVARD DES HEROS";"16,24972000";" -61,52357000"
"202400004504";"27";"04";"2024";"11:40";"1";"33";"33119";"2";"1";"1";"2";"N/A";"44,85522864";" -0,53160042"
"202400004505";"9";"08";"2024";"11:50";"1";"971";"97103";"1";"1";"1";"2";"AEROPORT SUD";"16,27072000";" -61,54980000"
"202400004506";"27";"04";"2024";"11:00";"1";"33";"33063";"2";"6";"8";"3";"N/A";"44,83034000";" -0,60285000"
"202400004507";"8";"08";"2024";"09:30";"1";"971";"97107";"2";"1";"1";"6";"PAUL LACAVE ( AVENUE )";"16,04552000";" -61,56290000"
"202400004508";"26";"04";"2024";"16:15";"1";"29";"29051";"1";"1";"1";"3";"RN 165";"47,99880102";" -4,04937996"
"202400004509";"26";"04";"2024";"21:25";"5";"28";"28404";"2";"9";"2";"3";"RD 828A";"48,71918800";"1,34882900"
"202400004510";"10";"08";"2024";"12:15";"1";101;101004";"2";"1";"1";"2";"ROUTE DU STILETTO";"41,94653000";"8,76483000"
"202400004511";"10";"08";"2024";"18:38";"1";"95";"95585";"2";"1";"1";"2";"D208";"48,98474761";"2,39917821"
"202400004512";"27";"04";"2024";"08:45";"1";"25";"25056";"2";"3";"1";"1";"BELFORT RUE DE BELFORT (sup 144)4";"47,25986000";"6,04660000"
"202400004513";"27";"04";"2024";"09:40";"1";"22";"22360";"2";"6";"1";"7";"RD700";"48,49314000";" -2,76093000"
"202400004514";"10";"08";"2024";"19:45";"1";"91";"91201";"2";"4";"1";"3";"RUE PIERRE BROSSOLETTE";"48,68622000";"2,41812000"
"202400004515";"26";"04";"2024";"19:11";"1";"21";"21617";"2";"1";"1";"6";"Avenue du Mail";"47,33912000";"4,99729000"
"202400004516";"6";"08";"2024";"08:10";"1";"91";"91432";"1";"1";"1";"2";"AUT DU SUD";"48,69407179";"2,31977820"
"202400004517";"26";"04";"2024";"18:49";"1";"19";"19031";"2";"1";"1";"3";"LAGRANGE (AVENUE LEO)";"45,15988863";"1,54564369"
"202400004518";"6";"08";"2024";"06:55";"1";"83";"83123";"1";"1";"1";"6";"TOULON (ANCIEN CHEMIN DE)";"43,14231657";"5,77822065"
"202400004519";"26";"04";"2024";"17:22";"1";"19";"19031";"2";"3";"2";"3";"CHAUMEIL (RUE PIERRE)";"45,15708656";"1,50624365"
"202400004520";"10";"08";"2024";"19:10";"1";"80";"80021";"2";"1";"1";"2";"Rue de Paris";"49,88832000";"2,28972000"
"202400004521";"26";"04";"2024";"17:00";"1";"14";"14118";"2";"2";"8";"3";"19 Rue d'Authie";"49,18393000";" -0,38639000"
"202400004522";"10";"08";"2024";"17:25";"1";"80";"80021";"2";"1";"1";"3";"Place Alphonse Fiquet";"49,89120000";"2,30670000"
"202400004523";"26";"04";"2024";"12:30";"1";"13";"13103";"1";"1";"2";"3";"VIEILLE ROUTE DE PELISSANNE-RD 17";"43,63562022";"5,12702385"
"202400004524";"27";"04";"2024";"19:40";"1";"11";"11069";"2";"2";"2";"3";"92 Avenue Bunau Varilla";"43,20800000";"2,33684000"
"202400004525";"10";"08";"2024";"06:20";"2";"79";"79259";"1";"3";"5";"3";"N/A";"46,94454400";" -0,23400000"
"202400004526";"27";"04";"2024";"02:17";"5";"06";"06088";"2";"2";"8";"3";"Promenade des Anglais";"43,69497000";"7,26638000"
"202400004527";"10";"08";"2024";"12:20";"1";"77";"77475";"2";"1";"1";"6";"VERDUN (AVENUE DE)";"48,95824000";"2,96264000"
"202400004528";"26";"04";"2024";"19:30";"2";"75";"75118";"2";"1";"1";"2";"PORTE DE SAINT OUEN";"48,90070100";"2,33445200"
"202400004529";"10";"08";"2024";"10:10";"1";"77";"77058";"2";"1";"1";"3";"GENERAL DE GAULLE  (AVENUE DU)";"48,83971000";"2,72705000"
"202400004530";"26";"04";"2024";"19:45";"1";"75";"75120";"2";"1";"1";"4";"BD PERIPHERIQUE INTERIEUR";"48,87611000";"2,40960000"
"202400004531";"26";"04";"2024";"19:05";"1";"75";"75112";"2";"1";"1";"3";"BD PERIPHERIQUE INTERIEUR";"48,83367100";"2,40809900"
"202400004532";"9";"08";"2024";"17:00";"1";"76";"76561";"2";"3";"1";"2";"Rue Marcel Touchard";"49,29844000";"1,03006000"
"202400004533";"27";"04";"2024";"14:45";"1";"75";"75105";"2";"2";"2";"6";"AVENUE DE L OBSERVATOIRE";"48,83966900";"2,33666300"
"202400004534";"10";"08";"2024";"15:00";"1";"72";"72181";"2";"2";"1";"1";"CHAMPION HENRI (RUE) N° PAIRS";"47,98220000";"0,22580000"
"202400004535";"27";"04";"2024";"15:00";"1";"75";"75119";"2";"2";"3";"7";"BOULEVARD SERURIER";"48,87725700";"2,40679400"
"202400004536";"12";"07";"2024";"15:26";"1";"71";"71076";"2";"1";"1";"6";"CHARGEURS (RUE DES )";"46,78420000";"4,85447000"
"202400004537";"27";"04";"2024";"11:15";"1";"75";"75119";"2";"1";"1";"6";"RUE CLAVEL";"48,87515800";"2,38424800"
"202400004538";"26";"04";"2024";"15:45";"1";"75";"75118";"2";"3";"1";"3";"AVENUE DE SAINT OUEN";"48,89587500";"2,32845700"
"202400004539";"11";"08";"2024";"00:15";"5";"69";"69259";"2";"2";"1";"3";"Avenue d'Oschatz";"45,69526000";"4,88022000"
"202400004540";"27";"04";"2024";"19:05";"1";"75";"75115";"2";"5";"2";"2";"PLACE CHARLES MICHELS";"48,84677800";"2,28556330"
"202400004541";"27";"04";"2024";"02:45";"5";"75";"75111";"2";"7";"2";"6";"PLACE DE LA BASTILLE";"48,85348400";"2,36961000"
"202400004542";"10";"08";"2024";"15:40";"1";"69";"69259";"2";"3";"1";"6";"Rue Max Barel";"45,69892000";"4,89997000"
"202400004543";"27";"04";"2024";"00:50";"5";"75";"75111";"2";"3";"2";"6";"AVENUE PHILIPPE AUGUSTE";"48,85299900";"2,39303900"
"202400004544";"10";"08";"2024";"09:55";"1";"67";"67447";"2";"3";"7";"3";"ABATTOIR (RUE DE L )";"48,60384000";"7,75601000"
"202400004545";"27";"04";"2024";"14:55";"1";"75";"75101";"2";"2";"2";"6";"RUE ETIENNE MARCEL";"48,86419700";"2,34760700"
"202400004546";"10";"08";"2024";"13:25";"1";"65";"65286";"2";"3";"1";"3";"8 Avenue Jean Prat";"43,10815000";" -0,06790000"
"202400004547";"26";"04";"2024";"23:45";"5";"94";"94081";"2";"2";"2";"3";"Avenue Rouget de Lisle / Rue Watteau";"48,77812000";"2,39650000"
"202400004548";"27";"04";"2024";"02:50";"5";"94";"94059";"2";"1";"2";"6";"avenue maurice berteaux";"48,80603173";"2,57155645"
"202400004549";"10";"08";"2024";"11:25";"1";"64";"64483";"2";"6";"1";"3";"RD810";"43,39717000";" -1,64472000"
"202400004550";"27";"04";"2024";"16:00";"1";"94";"94060";"1";"1";"2";"6";"Chemin des Marmouzets";"48,77143000";"2,58578000"
"202400004551";"27";"04";"2024";"11:10";"1";"94";"94071";"2";"3";"1";"3";"Avenue du Piple / Rue Albert Dru";"48,76275127";"2,51944113"
"202400004552";"10";"08";"2024";"12:15";"1";"63";"63014";"2";"1";"1";"2";"PERRET (AVENUE NESTOR)";"45,74482000";"3,10844000"
"202400004553";"27";"04";"2024";"15:30";"1";"93";"93051";"2";"2";"2";"2";"Boulevard du Mont d'Est / Rue Monge";"48,84305000";"2,54541000"
"202400004554";"27";"04";"2024";"11:20";"1";"93";"93050";"2";"1";"1";"2";"Rue Paul et Camille Thomoux";"48,86233000";"2,52999000"
"202400004555";"10";"08";"2024";"10:00";"1";"63";"63113";"2";"2";"1";"6";"Rue de Blanzat / rue de Chauffour";"45,78319000";"3,08427000"
"202400004556";"27";"04";"2024";"07:20";"1";"93";"93050";"2";"1";"1";"6";"Avenue Léon Blum";"48,86760000";"2,53282000"
"202400004557";"10";"08";"2024";"20:35";"1";"62";"62270";"1";"9";"1";"3";"D301";"50,47455000";"2,51820000"
"202400004558";"26";"04";"2024";"21:00";"5";"93";"93032";"2";"3";"1";"6";"Avenue Jean Jaurès / Avenue Sainte Foy";"48,88342000";"2,52896000"
"202400004559";"10";"08";"2024";"20:45";"1";"59";"59163";"2";"1";"1";"6";"DEUX MOULINS (AVENUE)";"50,67928000";"3,15441000"
"202400004560";"10";"08";"2024";"12:57";"1";"56";"56121";"2";"1";"1";"6";"Boulevard Yves Demaine";"47,75223000";" -3,37858000"
"202400004561";"27";"04";"2024";"20:00";"1";"92";"92073";"2";"1";"2";"5";"SELLIER (BOULEVARD HENRI)";"48,86681000";"2,22099000"
"202400004562";"10";"08";"2024";"03:10";"5";"54";"54521";"2";"4";"1";"6";"Chemin du Gronde";"49,47497800";"5,90689600"
"202400004563";"27";"04";"2024";"16:35";"1";"92";"92050";"2";"1";"2";"4";"PREMIER MAI RUE DU";"48,91080000";"2,21578000"
"202400004564";"10";"08";"2024";"17:08";"1";"50";"50218";"2";"1";"1";"2";"ARISTIDE BRIAND (AVENUE)";"48,83570000";" -1,58006000"
"202400004565";"27";"04";"2024";"21:45";"5";"92";"92024";"2";"6";"3";"3";"CLICHY (QUAI DE) DE (8 A 60)";"48,90343278";"2,28968722"
"202400004566";"10";"08";"2024";"14:50";"1";"49";"49007";"2";"2";"1";"4";"FOCH BOULEVARD";"47,47043000";" -0,54759000"
"202400004567";"27";"04";"2024";"21:40";"5";"92";"92071";"2";"1";"3";"7";"HOUDAN (RUE)";"48,77896407";"2,29094803"
"202400004568";"10";"08";"2024";"12:30";"1";"49";"49007";"2";"2";"1";"2";"LETANDUERE";"47,45711000";" -0,55406000"
"202400004569";"10";"08";"2024";"10:37";"1";"45";"45302";"2";"1";"1";"3";"D2020 PR 22 + 115";"47,96299000";"1,88872000"
"202400004570";"6";"08";"2024";"22:20";"3";"43";"43089";"2";"1";"1";"7";"Route de Langeac";"45,05087871";"3,84599521"
"202400004571";"10";"08";"2024";"10:55";"1";"43";"43041";"2";"1";"1";"3";"Route de Coubon";"45,04810000";"3,91663000"
"202400004572";"10";"08";"2024";"18:45";"1";"41";"41269";"2";"1";"1";"7";"VILLIERS (ROUTE DE)";"47,79978000";"1,03266000"
"202400004573";"27";"04";"2024";"19:15";"1";"92";"92004";"2";"2";"2";"3";"REDOUTE ( AVENUE DE LA  )";"48,92948109";"2,28188869"
"202400004574";"5";"08";"2024";"21:05";"1";"37";"37261";"2";"1";"1";"7";"BREL (RUE JACQUES)";"47,43346000";"0,69906000"
"202400004575";"28";"04";"2024";"01:00";"3";"43";"43110";"1";"1";"3";"6";"Route de Brioude";"45,30560627";"3,40969621"
"202400004576";"9";"03";"2024";"00:25";"5";"34";"34301";"2";"1";"1";"2";"BLANC CAMILLE (BOULEVARD)";"43,40728000";"3,66702000"
"202400004577";"10";"08";"2024";"18:40";"1";"33";"33069";"2";"1";"1";"6";"N/A";"44,87022000";" -0,61234000"
"202400004578";"9";"08";"2024";"16:50";"1";"30";"30243";"1";"3";"1";"3";"PORTAL JOSEPH (CHEMIN)";"44,09596000";"4,08000000"
"202400004579";"27";"04";"2024";"20:30";"2";"95";"95487";"2";"6";"2";"4";"D4";"49,15748954";"2,26403154"
"202400004580";"10";"08";"2024";"22:45";"4";"29";"29019";"2";"3";"1";"3";"rue de Kerbriant";"48,39392100";" -4,43443000"
"202400004581";"27";"04";"2024";"23:20";"3";"36";"36228";"2";"1";"8";"6";"N/A";"47,15512170";"1,56865782"
"202400004582";"10";"08";"2024";"13:50";"1";"26";"26198";"2";"6";"1";"3";"Chemin de Ravaly";"44,54175156";"4,75268126"
"202400004583";"27";"04";"2024";"04:45";"5";"974";"97422";"2";"1";"1";"1";"136 Rue Marius et Ary Leblond";" -21,28340300";"55,52380200"
"202400004584";"10";"08";"2024";"11:45";"1";"22";"22113";"2";"1";"1";"2";"AEROPORT";"48,75869000";" -3,47038000"
"202400004585";"10";"08";"2024";"08:08";"1";"17";"17306";"2";"9";"1";"6";"GRANDE CONCHE (DE LA) (AV)";"45,62351000";" -1,01931000"
"202400004586";"10";"08";"2024";"12:15";"1";"15";"15014";"2";"6";"1";"3";"RD 120";"44,92227000";"2,42778000"
"202400004587";"27";"04";"2024";"17:10";"1";"22";"22354";"1";"1";"1";"7";"N12 PR99+0200";"48,57149600";" -3,26384100"
"202400004588";"10";"08";"2024";"11:00";"1";"13";"13005";"2";"1";"1";"2";"NAPOLLON (ROUTE DE)";"43,31709754";"5,58650259"
"202400004589";"9";"08";"2024";"10:30";"1";"13";"13004";"1";"1";"1";"4";"RTE N113 MARSEILLE A BORBEAUX";"43,64903000";"4,68213000"
"202400004590";"10";"08";"2024";"07:50";"1";"13";"13001";"2";"5";"1";"3";"GALICE (RTE)";"43,52840000";"5,42809000"
"202400004591";"10";"08";"2024";"11:55";"1";"10";"10387";"2";"3";"1";"6";"JULES GUESDE (RUE)";"48,28591000";"4,08277000"
"202400004592";"10";"08";"2024";"13:47";"1";"06";"06088";"2";"2";"1";"6";"31 Rue de Lépante";"43,70641000";"7,26856000"
"202400004593";"10";"08";"2024";"07:50";"1";"06";"06104";"1";"1";"1";"3";"CHEMINS (CARREFOUR DES 4)";"43,76026000";"7,45239000"
"202400004594";"10";"08";"2024";"05:25";"5";"06";"06030";"2";"6";"1";"3";"115 Boulevard Sadi Carnot";"43,56764000";"7,01643000"
"202400004595";"9";"08";"2024";"16:50";"1";"01";"01053";"2";"2";"1";"3";"BAD KREUZNACH  (AVENUE DE - N° PAIRS)";"46,22275000";"5,25100000"
"202400004596";"10";"08";"2024";"20:00";"2";"75";"75115";"2";"1";"1";"2";"BD PERIPHERIQUE INTERIEUR";"48,83246900";"2,28064400"
"202400004597";"10";"08";"2024";"16:05";"1";"75";"75119";"2";"1";"1";"6";"BOULEVARD DE LA VILLETTE";"48,88440200";"2,36595200"
"202400004598";"10";"08";"2024";"12:50";"1";"75";"75116";"2";"3";"1";"3";"RUE DE LA TOUR";"48,85968400";"2,28209700"
"202400004599";"10";"08";"2024";"17:15";"1";"75";"75104";"2";"3";"1";"3";"BOULEVARD HENRI IV";"48,85152300";"2,36370700"
"202400004600";"10";"08";"2024";"15:07";"1";"75";"75110";"2";"2";"1";"6";"Rue la Fayette";"48,88160017";"2,36574322"
"202400004601";"10";"08";"2024";"15:12";"1";"75";"75109";"2";"2";"1";"3";"RUE DE PROVENCE";"48,87414400";"2,33730800"
"202400004602";"10";"08";"2024";"18:40";"1";"94";"94081";"2";"3";"1";"3";"Rue Eugene Henaff";"48,79378000";"2,41353000"
"202400004603";"10";"08";"2024";"16:30";"1";"94";"94041";"2";"3";"1";"6";"Avenue de Verdun";"48,81580000";"2,36837000"
"202400004604";"10";"08";"2024";"01:30";"5";"93";"93066";"2";"1";"1";"6";"Avenue Romain Rolland";"48,94112903";"2,38653422"
"202400004605";"10";"08";"2024";"05:37";"2";"93";"93055";"2";"3";"1";"6";"Avenue Édouard Vaillant / Avenue du Général Leclerc";"48,89655219";"2,40082784"
"202400004606";"10";"08";"2024";"22:20";"5";"93";"93048";"2";"2";"1";"3";"Boulevard Aristide Briand / Rue Saint-Denis";"48,87295034";"2,45354221"
"202400004607";"10";"08";"2024";"08:20";"1";"93";"93031";"2";"1";"1";"6";"Avenue de la République";"48,94941000";"2,33096000"
"202400004608";"10";"08";"2024";"22:15";"5";"93";"93027";"2";"3";"1";"4";"Avenue Paul Vaillant-Couturier / Rue Giuseppe Garibaldi";"48,92305000";"2,41314000"
"202400004609";"10";"08";"2024";"15:50";"1";"93";"93008";"2";"6";"1";"3";"Rue de Stalingrad / Avenue Louis Aragon";"48,91307891";"2,43654915"
"202400004610";"17";"08";"2024";"14:20";"1";"92";"92064";"2";"1";"3";"3";"MONT VALERIEN";"48,85501448";"2,21550548"
"202400004611";"28";"12";"2024";"11:45";"1";"60";"60159";"1";"1";"1";"6";"Avenue Marcelin Berthelot";"49,39098000";"2,78813000"
"202400004612";"12";"12";"2024";"21:15";"3";"60";"60352";"1";"6";"8";"7";"D915";"49,23682300";"1,80888200"
"202400004613";"10";"08";"2024";"10:40";"1";"92";"92063";"1";"6";"1";"3";"HUGO (AVENUE VICTOR)";"48,88310000";"2,18026000"
"202400004614";"10";"08";"2024";"16:00";"1";"92";"92050";"2";"3";"1";"3";"PREMIER MAI RUE DU";"48,91008681";"2,21508253"