"Num_Acc";"jour";"mois";"an";"hrmn";"lum";"dep";"com";"agg";"int";"atm";"col";"adr";"lat";"long"
"202400004805";"8";"11";"2024";"14:40";"1";"41";"41161";"2";"8";"1";"1";"Rue des Bruyères";"47,53471800";"2,03296400"
"202400004806";"8";"02";"2024";"10:50";"1";"59";"59271";"1";"1";"3";"6";"AUTOROUTE A16";"51,00768000";"2,32408000"
"202400004807";"9";"02";"2024";"10:20";"1";"91";"91086";"1";"1";"1";"3";"RN 104";"48,62415800";"2,38050900"
"202400004808";"23";"11";"2024";"06:27";"3";"88";"88475";"1";"1";"4";"1";"D1";"48,10405000";"5,72164500"
"202400004809";"24";"11";"2024";"02:30";"3";"88";"88101";"1";"1";"1";"1";"Route d'Epinal";"48,14880100";"6,57811800"
"202400004810";"9";"02";"2024";"00:25";"5";"94";"94043";"1";"1";"2";"3";"A6B";"48,80756706";"2,34698475"
"202400004811";"22";"12";"2024";"14:30";"1";"88";"88440";"1";"1";"4";"6";"A31 - PK 182+350 - sens ""vers NANCY""";"48,26769800";"5,86206400"
"202400004812";"9";"02";"2024";"00:57";"5";"94";"94037";"1";"1";"2";"6";"A6A";"48,81566207";"2,33656078"
"202400004813";"27";"12";"2024";"10:40";"1";"88";"88486";"2";"3";"7";"1";"Rue d'Ouffet";"48,00593900";"6,71773200"
"202400004814";"9";"02";"2024";"19:10";"3";"78";"78043";"1";"1";"1";"3";"A13Y";"48,84975000";"2,07035300"
"202400004815";"21";"12";"2024";"10:18";"1";"88";"88181";"2";"1";"1";"1";"4 Route de Guerreau";"48,18325200";"7,00903000"
"202400004816";"9";"02";"2024";"17:05";"1";"78";"78007";"1";"1";"1";"4";"A13W";"48,89538500";"2,00712500"
"202400004817";"21";"12";"2024";"18:45";"3";"88";"88101";"1";"1";"3";"1";"D11";"48,14394800";"6,60487500"
"202400004818";"9";"02";"2024";"11:20";"1";"92";"92051";"1";"1";"1";"6";"RN13";"48,88483447";"2,26044686"
"202400004819";"9";"02";"2024";"05:50";"3";"78";"78140";"1";"1";"1";"6";"A13";"48,96110000";"1,93012200"
"202400004820";"21";"12";"2024";"15:53";"1";"88";"88047";"1";"1";"2";"5";"D165";"48,20582800";"6,16955300"
"202400004821";"8";"02";"2024";"22:10";"5";"92";"92063";"1";"1";"2";"3";"A86";"48,89000239";"2,17016741"
"202400004822";"20";"12";"2024";"18:55";"3";"88";"88372";"2";"1";"1";"2";"Rue du Général Sarrail";"48,39373900";"6,81576700"
"202400004823";"8";"02";"2024";"08:20";"1";"92";"92064";"1";"1";"2";"5";"A13";"48,83737301";"2,18864290"
"202400004824";"17";"12";"2024";"09:04";"1";"88";"88321";"2";"3";"8";"2";"3 Rue Moulaune";"48,35374700";"5,69629300"
"202400004825";"8";"02";"2024";"07:30";"2";"92";"92025";"1";"1";"2";"2";"A86";"48,92210032";"2,22649712"
"202400004826";"16";"12";"2024";"16:35";"2";"88";"88161";"2";"1";"8";"1";"Route de Lerrain";"48,12949900";"6,17630100"
"202400004827";"15";"12";"2024";"19:55";"4";"88";"88415";"2";"6";"1";"1";"Grande Rue";"48,02136000";"6,61003000"
"202400004828";"7";"02";"2024";"20:50";"4";"92";"92023";"1";"1";"2";"2";"A86 INT";"48,77706717";"2,22483516"
"202400004829";"7";"12";"2024";"09:20";"1";"88";"88268";"1";"1";"2";"1";"N159";"48,28597200";"7,06886400"
"202400004830";"14";"11";"2024";"18:00";"3";"84";"84106";"2";"3";"1";"3";"D 976";"44,23064800";"4,88067600"
"202400004831";"30";"12";"2024";"11:50";"1";"84";"84137";"2";"1";"1";"6";"20 rue du vercors";"44,25097500";"5,06102900"
"202400004832";"8";"02";"2024";"12:30";"1";"95";"95241";"1";"1";"2";"2";"N104";"49,04574620";"2,45093450"
"202400004833";"3";"12";"2024";"12:45";"1";"84";"84019";"2";"1";"1";"6";"Boulevard Leon Gambetta";"44,27982400";"4,74593300"
"202400004834";"28";"12";"2024";"18:30";"4";"74";"74105";"2";"1";"5";"3";"ESSERTS (RUE DES)";"46,29836000";"6,30877000"
"202400004835";"28";"10";"2024";"05:41";"3";"74";"74002";"1";"1";"1";"1";"1160 route d'Aix les bains";"45,81974500";"6,00813700"
"202400004836";"7";"02";"2024";"20:00";"3";"95";"95572";"1";"1";"2";"5";"A15";"49,03172857";"2,11685610"
"202400004837";"31";"08";"2024";"14:56";"1";"74";"74099";"2";"2";"1";"1";"106 Route de sallanches";"45,86890800";"6,62843000"
"202400004838";"9";"02";"2024";"07:00";"2";"93";"93051";"1";"1";"1";"5";"A4";"48,83558148";"2,56793626"
"202400004839";"9";"02";"2024";"00:30";"3";"77";"77468";"1";"1";"3";"6";"A104";"48,84990300";"2,66141800"
"202400004840";"26";"02";"2024";"21:55";"4";"93";"93005";"2";"1";"2";"2";"ANDRE CITROEN (BOULEVARD)";"48,95880950";"2,48577911"
"202400004841";"8";"02";"2024";"07:35";"1";"974";"97416";"2";"1";"1";"2";"LIGNE DES BAMBOUS(ROUTE)";" -21,29955000";"55,49075000"
"202400004842";"18";"11";"2024";"23:50";"3";"91";"91179";"1";"1";"3";"3";"AUTOROUTE A6";"48,57168200";"2,46887000"
"202400004843";"27";"12";"2024";"20:40";"3";"44";"44020";"2";"1";"1";"6";"N/A";"47,18141220";" -1,61159635"
"202400004844";"7";"02";"2024";"16:00";"2";"974";"97411";"2";"1";"1";"3";"RIVIERE DES PLUIES (ROUTE DE LA)";" -20,90147000";"55,50059000"
"202400004845";"28";"12";"2024";"17:15";"1";"84";"84065";"1";"1";"1";"7";"Chemin de Roque Hauturiere";"43,74108800";"5,29939100"
"202400004846";"6";"02";"2024";"18:05";"1";"974";"97411";"2";"9";"1";"6";"GAULLE (DU GENERAL DE)";" -20,88559000";"55,45410000"
"202400004847";"26";"12";"2024";"12:25";"1";"84";"84101";"1";"1";"1";"7";"route de saint antoine";"43,97321400";"5,09594000"
"202400004848";"8";"02";"2024";"11:30";"1";"973";"97302";"2";"3";"1";"3";"ZEPHIR (ROCADE)";"4,93483000";" -52,30848000"
"202400004849";"13";"12";"2024";"20:30";"5";"84";"84003";"2";"2";"2";"6";"809 Avenue Victor Hugo";"43,88050700";"5,38467400"
"202400004850";"7";"02";"2024";"06:00";"2";"973";"97302";"2";"1";"1";"6";"BADUEL (ROUTE DE)";"4,92903000";" -52,29692000"
"202400004851";"25";"12";"2024";"01:00";"5";"44";"44109";"2";"1";"1";"6";"Boulevard Salvador Allende";"47,20707127";" -1,57359362"
"202400004852";"8";"02";"2024";"07:00";"2";100;100033";"2";"1";"1";"1";"TOUTES RUES";"42,68065000";"9,44683000"
"202400004853";"18";"12";"2024";"08:20";"1";"44";"44109";"2";"1";"1";"6";"7 Boulevard Albert Einstein";"47,25962074";" -1,55864686"
"202400004854";"29";"11";"2024";"03:50";"3";"44";"44190";"1";"1";"1";"6";"N/A";"47,21131140";" -1,48474935"
"202400004855";"7";"02";"2024";"21:00";"4";"91";"91552";"1";"1";"2";"6";"RN 20";"48,60416000";"2,24865000"
"202400004856";"25";"11";"2024";"00:10";"3";"44";"44162";"2";"1";"1";"6";"Boulevard Charles Gautier";"47,22508500";" -1,62076600"
"202400004857";"8";"02";"2024";"06:20";"5";"91";"91027";"2";"1";"2";"2";"BOURBONNAIS (AVENUE DU)";"48,70594000";"2,40000000"
"202400004858";"7";"02";"2024";"07:55";"2";"91";"91228";"2";"3";"2";"3";"LAC (AVENUE DU)";"48,62187800";"2,42521000"
"202400004859";"30";"11";"2024";"18:08";"3";"24";"24037";"1";"1";"1";"5";"D709 (Rte de Mussidan)";"44,89205957";"0,45681953"
"202400004860";"19";"11";"2024";"14:30";"1";"91";"91659";"1";"1";"3";"3";"AUTOROUTE A6";"48,57707100";"2,46415500"
"202400004861";"7";"02";"2024";"11:50";"1";"84";"84007";"2";"2";"1";"5";"PIERRE SEMARD (avenue)";"43,93384000";"4,83156000"
"202400004862";"19";"11";"2024";"15:15";"1";"91";"91521";"1";"1";"2";"3";"RN 104";"48,63370000";"2,40079000"
"202400004863";"8";"02";"2024";"04:40";"5";"83";"83069";"2";"6";"1";"1";"BERNARD ( RUE MARIO )";"43,11196000";"6,11637000"
"202400004864";"19";"11";"2024";"06:10";"3";"91";"91617";"1";"1";"2";"6";"RN 104";"48,63804517";"2,53555536"
"202400004865";"7";"02";"2024";"09:50";"1";"80";"80674";"2";"9";"2";"3";"Avenue de la Défense Passive";"49,91158000";"2,33517000"
"202400004866";"18";"11";"2024";"20:25";"3";"91";"91235";"1";"1";"2";"3";"RN 104";"48,62542994";"2,35934615"
"202400004867";"17";"11";"2024";"19:00";"3";"91";"91064";"1";"1";"1";"2";"RD 444";"48,74680000";"2,21952000"
"202400004868";"18";"10";"2024";"09:00";"1";"91";"91377";"1";"1";"1";"2";"AUTOROUTE A10";"48,72749700";"2,30380500"
"202400004869";"8";"02";"2024";"13:20";"1";"77";"77243";"1";"1";"1";"6";"D934";"48,87051000";"2,71472000"
"202400004870";"18";"12";"2024";"08:55";"1";"69";"69387";"2";"1";"1";"6";"Avenue Claude Bernard";"45,78027000";"4,86378000"
"202400004871";"26";"09";"2024";"11:30";"1";"34";"34032";"2";"1";"1";"6";"N/A";"43,33680200";"3,21752300"
"202400004872";"8";"02";"2024";"08:45";"1";"76";"76351";"2";"3";"2";"4";"LOUIS BLERIOT";"49,52257000";"0,08851000"
"202400004873";"17";"11";"2024";"17:40";"5";"84";"84003";"2";"1";"1";"3";"519 Avenue Victor Hugo";"43,87846900";"5,38660500"
"202400004874";"14";"10";"2024";"16:20";"1";"84";"84003";"2";"1";"2";"7";"435 Avenue Philippe de Girard";"43,87605700";"5,38757700"
"202400004875";"7";"02";"2024";"12:45";"1";"76";"76351";"2";"2";"2";"3";"GEORGE SAND";"49,51839000";"0,11846000"
"202400004876";"31";"08";"2024";"17:15";"1";"84";"84118";"1";"1";"1";"7";"D230";"43,99182700";"5,38905100"
"202400004877";"8";"02";"2024";"07:29";"5";"74";"74218";"2";"1";"2";"1";"THONON (AVENUE DE)";"46,38287000";"6,51197000"
"202400004878";"30";"11";"2024";"10:45";"1";"91";"91468";"1";"1";"1";"2";"AUTOROUTE A6";"48,57331697";"2,46729963"
"202400004879";"8";"02";"2024";"08:55";"1";"73";"73008";"2";"6";"1";"7";"D991 Av Alsace Lorraine";"45,69428703";"5,90861499"
"202400004880";"28";"11";"2024";"21:49";"3";"91";"91174";"1";"1";"1";"6";"RN 104";"48,62410000";"2,46890000"
"202400004881";"7";"02";"2024";"19:10";"5";"71";"71059";"2";"1";"2";"3";"PASTEUR (RUE LOUIS)";"46,81376000";"4,48170000"
"202400004882";"29";"10";"2024";"18:30";"3";"91";"91689";"1";"1";"1";"3";"AUTOROUTE A6";"48,73790000";"2,31772000"
"202400004883";"22";"11";"2024";"09:00";"2";"44";"44143";"2";"1";"1";"3";"32 Rue Augustin Mouillé";"47,17766240";" -1,54696290"
"202400004884";"8";"02";"2024";"06:20";"5";"69";"69266";"2";"2";"1";"2";"Rue Antoine Bernoux";"45,77106000";"4,88756000"
"202400004885";"13";"11";"2024";"07:20";"5";"44";"44114";"2";"1";"1";"3";"14 Route du Croisy";"47,25485142";" -1,62908193"
"202400004886";"8";"02";"2024";"14:00";"1";"69";"69264";"2";"1";"1";"6";"Rue Nationale";"45,99274000";"4,71887000"
"202400004887";"23";"10";"2024";"09:10";"2";"44";"44114";"2";"1";"1";"6";"Chemin du Plessis Buron";"47,28280016";" -1,61768629"
"202400004888";"25";"11";"2024";"07:25";"3";"91";"91689";"1";"1";"2";"7";"AUTOROUTE A6B";"48,74768000";"2,32706000"
"202400004889";"8";"02";"2024";"09:10";"1";"69";"69092";"2";"3";"2";"3";"Rue des Acacias";"45,99275000";"4,70494000"
"202400004890";"6";"10";"2024";"09:50";"1";"44";"44114";"2";"6";"1";"7";"333 Route de Vannes";"47,24841592";" -1,60960352"
"202400004891";"8";"02";"2024";"16:50";"1";"69";"69290";"2";"1";"1";"3";"Route de Grenoble";"45,70830000";"4,98347000"
"202400004892";"1";"09";"2024";"22:40";"5";"44";"44109";"2";"3";"1";"6";"14 Rue Colonel Desgrées du Lou";"47,21556475";" -1,57491686"
"202400004893";"7";"02";"2024";"22:00";"5";"67";"67043";"2";"1";"1";"6";"PERIGUEUX (AVENUE DE)";"48,61407000";"7,75204000"
"202400004894";"23";"08";"2024";"08:05";"1";"44";"44109";"2";"6";"1";"7";"2 Rue du Moulin de la Garde";"47,25959942";" -1,51108819"
"202400004895";"7";"02";"2024";"09:00";"1";"67";"67218";"2";"8";"2";"6";"RHIN (ROUTE DU)";"48,52939000";"7,73272000"
"202400004896";"7";"08";"2024";"11:10";"1";"44";"44109";"2";"1";"1";"3";"51 Allée des Généraux Patton et Wood ";"47,21725237";" -1,54426077"
"202400004897";"4";"08";"2024";"00:05";"5";"44";"44109";"2";"1";"1";"6";"58 Rue des Renards";"47,25739740";" -1,56627778"
"202400004898";"7";"02";"2024";"17:20";"1";"66";"66136";"2";"1";"1";"2";"N/A";"42,69158103";"2,87216842"
"202400004899";"2";"08";"2024";"09:05";"1";"44";"44109";"2";"6";"1";"3";"Rue du Bêle";"47,26652940";" -1,51371562"
"202400004900";"27";"07";"2024";"22:20";"5";"44";"44109";"2";"1";"1";"7";"87 Quai de la Fosse";"47,20831400";" -1,56911934"
"202400004901";"8";"02";"2024";"19:22";"5";"63";"63113";"2";"5";"1";"1";"MOULIN (BD JEAN)/rue Pierre Estienne";"45,77299000";"3,12090000"
"202400004902";"8";"02";"2024";"07:50";"5";"61";"61001";"2";"1";"2";"6";"D204";"48,43909000";"0,08314000"
"202400004903";"2";"07";"2024";"18:05";"1";"44";"44114";"2";"1";"1";"3";"180 Route de Vannes";"47,24188280";" -1,59460494"
"202400004904";"8";"02";"2024";"07:40";"5";"61";"61001";"2";"6";"2";"3";"RD 438";"48,43432000";"0,09356000"
"202400004905";"27";"12";"2024";"14:15";"1";"74";"74312";"1";"1";"8";"6";"Route d'hermy";"46,06504300";"6,50749000"
"202400004906";"14";"12";"2024";"16:35";"1";"74";"74168";"1";"1";"1";"1";"D1508";"46,01036100";"5,99680800"
"202400004907";"8";"02";"2024";"11:40";"1";"59";"59599";"2";"2";"2";"3";"Rue de Roubaix";"50,71172925";"3,16617128"
"202400004908";"26";"12";"2024";"22:50";"4";"74";"74238";"2";"1";"1";"7";"Route des grandes alpes";"46,22751300";"6,65920100"
"202400004909";"8";"02";"2024";"13:45";"1";"59";"59272";"2";"9";"8";"6";"GRAVELINES (RUE DE)";"50,99675000";"2,10654000"
"202400004910";"16";"12";"2024";"11:15";"1";"74";"74044";"2";"6";"7";"3";"21 Chemin des bornants";"46,14592700";"6,14820800"
"202400004911";"7";"02";"2024";"12:59";"1";"57";"57630";"2";"1";"3";"6";"PHALSBOURG";"48,73902000";"7,06724000"
"202400004912";"16";"12";"2024";"17:25";"3";"74";"74016";"1";"1";"1";"2";"Route d'annecy";"46,13491400";"6,12644900"
"202400004913";"7";"02";"2024";"14:35";"1";"56";"56121";"2";"2";"2";"3";"RUE LOUIS GUIGUEN";"47,75572000";" -3,35483000"
"202400004914";"26";"12";"2024";"16:45";"1";"74";"74012";"2";"1";"1";"2";"Avenue Henri Barbusse";"46,19260100";"6,24128900"
"202400004915";"7";"02";"2024";"18:02";"5";"54";"54439";"2";"3";"1";"2";"Avenue Charles de Gaulle";"48,70482000";"6,25640000"
"202400004916";"17";"12";"2024";"00:10";"3";"74";"74159";"2";"1";"9";"6";"D1205";"46,02730700";"6,61836100"
"202400004917";"25";"12";"2024";"14:25";"1";"74";"74012";"2";"1";"1";"6";"FLORISSANT (AVENUE)";"46,19675400";"6,24093800"
"202400004918";"8";"02";"2024";"15:20";"1";"53";"53034";"1";"9";"1";"5";"CORBINIERE ( LIEU DIT LA )";"48,06748100";" -0,66357500"
"202400004919";"20";"12";"2024";"15:35";"1";"74";"74081";"2";"9";"1";"6";"Gare routière";"46,06172800";"6,58251600"
"202400004920";"8";"02";"2024";"07:50";"5";"51";"51454";"2";"1";"2";"4";"CHAMPAGNE AVENUE DE";"49,23175000";"4,03608000"
"202400004921";"22";"12";"2024";"15:30";"1";"74";"74275";"1";"1";"4";"7";"Route de rovagny";"45,83394200";"6,23676900"
"202400004922";"8";"02";"2024";"07:55";"2";"51";"51454";"2";"3";"2";"7";"ZOLA (RUE EMILE) COTE PAIR";"49,26662000";"4,02755000"
"202400004923";"25";"12";"2024";"01:10";"3";"74";"74081";"1";"1";"8";"1";"D1205";"46,05043200";"6,59329400"
"202400004924";"8";"02";"2024";"08:00";"1";"51";"51453";"1";"1";"2";"1";"CD 1";"48,99756696";"4,30263175"
"202400004925";"20";"12";"2024";"15:15";"1";"74";"74256";"2";"3";"1";"6";"372 Avenue andré lasquin";"45,94282100";"6,63813500"
"202400004926";"8";"02";"2024";"19:40";"3";"46";"46042";"2";"1";"2";"1";"ORMEAUX (COTE DES)";"44,45983330";"1,43199945"
"202400004927";"22";"12";"2024";"06:28";"3";"74";"74080";"2";"1";"3";"7";"D909";"45,90681200";"6,42057500"
"202400004928";"3";"02";"2024";"14:15";"1";"43";"43157";"2";"1";"1";"6";"32 Avenue Marechal Foch";"45,03960000";"3,88816000"
"202400004929";"8";"02";"2024";"13:20";"1";"37";"37233";"2";"6";"2";"3";"FARGES (AVENUE YVES)";"47,38493000";"0,73664000"
"202400004930";"16";"12";"2024";"15:50";"1";"74";"74169";"2";"1";"2";"1";"Avenue des lechères";"46,06774900";"6,53380200"
"202400004931";"16";"12";"2024";"17:30";"3";"74";"74220";"1";"1";"1";"6";"934 Route de l'eculaz";"46,14006600";"6,28202900"
"202400004932";"8";"02";"2024";"12:55";"1";"37";"37261";"2";"3";"2";"7";"STENDHAL (AVENUE)";"47,36841000";"0,71032000"
"202400004933";"16";"12";"2024";"13:56";"1";"74";"74035";"1";"1";"1";"1";"Route de rumilly";"45,81261900";"5,95094200"
"202400004934";"8";"02";"2024";"11:50";"1";"37";"37261";"2";"9";"2";"6";"ROTONDE (ROND-POINT DE LA)";"47,38143000";"0,70671000"
"202400004935";"7";"02";"2024";"12:15";"1";"37";"37122";"2";"1";"2";"6";"DOUZILLIERE (RUE DE LA)";"47,34037000";"0,65421000"
"202400004936";"14";"12";"2024";"10:05";"1";"74";"74223";"1";"1";"4";"1";"Route du Fer à cheval";"46,09597200";"6,61920400"
"202400004937";"8";"02";"2024";"07:20";"4";"35";"35238";"1";"6";"2";"3";"ALMA (DE L')";"48,08143000";" -1,67459000"
"202400004938";"29";"06";"2024";"00:24";"5";"44";"44109";"2";"3";"1";"3";"15 Boulevard Joliot Curie";"47,19537894";" -1,53533570"
"202400004939";"8";"02";"2024";"08:00";"5";"35";"35238";"2";"1";"2";"3";"CLEMENCEAU (BD GEORGES)";"48,09421484";" -1,68125305"
"202400004940";"28";"06";"2024";"09:30";"1";"44";"44143";"2";"1";"1";"6";"1 Rue Victor Hugo";"47,18904500";" -1,55180120"
"202400004941";"7";"02";"2024";"10:10";"1";"34";"34172";"2";"6";"1";"2";"SAINT MAUR (AVENUE DE)";"43,62141000";"3,89476000"
"202400004942";"20";"12";"2024";"16:25";"1";"84";"84035";"1";"1";"6";"1";"AVIGNON-RD973 (ROUTE D')";"43,85898000";"5,01142000"
"202400004943";"28";"11";"2024";"10:00";"1";100;100050";"1";"1";"1";"6";"RT 30";"42,55170900";"8,77285700"
"202400004944";"8";"02";"2024";"17:50";"1";"32";"32013";"2";"1";"8";"3";"TAPIS VERT";"43,64860000";"0,57966000"
"202400004945";"8";"02";"2024";"21:19";"5";"31";"31069";"2";"1";"2";"6";"PAILLE (CH DE LA)";"43,64694000";"1,37138000"
"202400004946";"25";"11";"2024";"21:39";"3";"91";"91661";"1";"1";"1";"2";"AUTOROUTE A10";"48,69410000";"2,23110000"
"202400004947";"8";"02";"2024";"15:00";"1";"31";"31555";"2";"2";"1";"3";"BD PIERRE ET MARIE CURIE";"43,62613000";"1,43723000"
"202400004948";"30";"12";"2024";"09:52";"1";"30";"30189";"2";"3";"1";"6";"BIR HAKEIM (AVENUE)";"43,84230000";"4,38500000"
"202400004949";"7";"10";"2024";"09:25";"1";"60";"60138";"1";"1";"1";"4";"D1330";"49,21333600";"2,60556200"
"202400004950";"7";"02";"2024";"15:25";"1";"19";"19031";"2";"2";"1";"3";"BUGEAUD (AVENUE MARECHAL)";"45,16147000";"1,54084000"
"202400004951";"1";"10";"2024";"15:45";"1";"60";"60286";"2";"1";"7";"6";"Place Barbier";"49,66473900";"1,94038000"
"202400004952";"8";"02";"2024";"01:42";"4";"18";"18279";"2";"1";"2";"6";"19 Rue du Docteur Pierre Roux";"47,22405000";"2,07016000"
"202400004953";"30";"10";"2024";"06:50";"2";"55";"55181";"2";"3";"1";"3";"Rue Raymond Poincare";"49,21289799";"5,62403027"
"202400004954";"8";"02";"2024";"07:50";"3";"14";"14118";"2";"3";"2";"7";"30 Place de la Liberté";"49,16123200";" -0,34198200"
"202400004955";"8";"02";"2024";"20:30";"5";"13";"13209";"2";"1";"1";"3";"MICHELET (BOULEVARD)";"43,25721500";"5,40298200"
"202400004956";"21";"11";"2024";"19:08";"5";"14";"14220";"2";"6";"4";"2";"2 Rue Désiré le Hoc";"49,35994000";"0,08093000"
"202400004957";"8";"02";"2024";"20:00";"5";"13";"13210";"2";"1";"1";"6";"CAPELETTE (AVENUE DE LA)";"43,28606600";"5,40458200"
"202400004958";"8";"02";"2024";"07:25";"1";"13";"13214";"2";"1";"1";"1";"SAINTE MARTHE (chemin)";"43,33117000";"5,38937000"
"202400004959";"13";"12";"2024";"07:15";"2";"74";"74007";"1";"3";"1";"1";"Route de Bonneville";"46,07018600";"6,32117300"
"202400004960";"3";"02";"2024";"11:00";"1";"13";"13214";"2";"1";"1";"6";"SAINTE MARTHE (chemin)";"43,34433000";"5,38417000"
"202400004961";"8";"02";"2024";"15:00";"1";"13";"13028";"2";"1";"1";"3";"Rond-Point Rovarch/Saint Jean";"43,19200811";"5,61710569"
"202400004962";"12";"12";"2024";"21:10";"3";"74";"74171";"1";"1";"1";"3";"Route de geneve";"46,31476900";"6,32450900"
"202400004963";"8";"02";"2024";"11:10";"1";"13";"13004";"2";"4";"1";"3";"RUE DE L AMPHITHEATRE";"43,67862000";"4,63057000"
"202400004964";"12";"12";"2024";"08:30";"1";"74";"74143";"2";"3";"1";"6";"2150 Avenue des alpages";"45,89793800";"6,82329300"
"202400004965";"2";"02";"2024";"19:30";"5";"13";"13001";"2";"1";"1";"6";"RD 17";"43,52613000";"5,46499000"
"202400004966";"9";"12";"2024";"15:35";"1";"74";"74280";"2";"1";"1";"6";"8 Avenue d'annecy";"45,88371600";"6,32091500"
"202400004967";"7";"02";"2024";"07:45";"2";"11";"11069";"2";"1";"1";"2";"71 Rue Antoine Marty";"43,21635000";"2,35433000"
"202400004968";"21";"11";"2024";"12:10";"1";"32";"32119";"2";"1";"1";"6";"Boulevard d'Artagnan";"43,86229800";"0,10114300"
"202400004969";"8";"02";"2024";"18:30";"5";"10";"10387";"2";"1";"2";"7";"Boulevard Gambetta";"48,29770000";"4,06700000"
"202400004970";"8";"02";"2024";"18:30";"5";"08";"08409";"2";"7";"3";"6";"MARNE (AVENUE DE LA)";"49,69881000";"4,92548000"
"202400004971";"29";"11";"2024";"10:50";"1";"32";"32043";"1";"9";"1";"5";"D1";"43,70735500";"0,25200400"
"202400004972";"7";"02";"2024";"09:55";"1";"07";"07281";"2";"1";"1";"3";"BOUVAT (QUAI JULES)";"44,94486000";"4,84546000"
"202400004973";"21";"11";"2024";"17:45";"2";"32";"32121";"1";"2";"1";"3";"D634 - PR 8+450";"43,55683300";"1,01992600"
"202400004974";"8";"02";"2024";"14:14";"1";"06";"06088";"2";"2";"1";"3";"Boulevard Gambetta";"43,70200000";"7,25595000"
"202400004975";"21";"11";"2024";"16:00";"1";"29";"29158";"2";"1";"6";"1";"Rue de l'Abbé Stéphan";"47,80217000";" -4,36076000"
"202400004976";"8";"02";"2024";"10:30";"1";"06";"06069";"2";"1";"1";"3";"Route de Cannes";"43,63850000";"6,95060000"
"202400004977";"28";"11";"2024";"15:40";"1";"13";"13021";"1";"1";"1";"2";"D9";"43,33344700";"5,15817100"
"202400004978";"8";"02";"2024";"18:15";"5";"06";"06029";"2";"1";"1";"1";"Avenue Michel Jourdan";"43,55504000";"6,97213000"
"202400004979";"16";"12";"2024";"10:55";"1";"62";"62473";"1";"1";"1";"7";"rue du nocq picot";"50,62962761";"2,46963716"
"202400004980";"8";"02";"2024";"08:58";"1";"04";"04070";"2";"1";"1";"1";"NOEL (AV. DU COL.)";"44,08042000";"6,19985000"
"202400004981";"3";"10";"2024";"22:40";"5";"62";"62108";"2";"3";"1";"3";"Rue Alfred Lambert";"50,40937000";"1,56590000"
"202400004982";"8";"02";"2024";"08:10";"2";"01";"01053";"2";"6";"2";"3";"MERCIER (AVENUE AMEDEE DU 45 AU FIN)";"46,20290000";"5,24491000"
"202400004983";"8";"02";"2024";"19:30";"5";"75";"75113";"2";"1";"2";"2";"QUAI D IVRY";"48,82608100";"2,38793700"
"202400004984";"7";"05";"2024";"19:40";"1";"44";"44162";"2";"1";"1";"4";"Boulevard Charles De Gaulle";"47,21475771";" -1,63805127"
"202400004985";"2";"05";"2024";"17:00";"1";"44";"44109";"2";"2";"1";"3";"Boulevard de la Beaujoire";"47,25823900";" -1,51536180"
"202400004986";"8";"02";"2024";"23:00";"5";"75";"75118";"2";"1";"2";"5";"BOULEVARD BARBES";"48,89101500";"2,34961400"
"202400004987";"30";"04";"2024";"15:55";"1";"44";"44109";"2";"1";"1";"6";"31 Rue du Corps de Garde ";"47,21198630";" -1,59707284"
"202400004988";"19";"01";"2024";"23:15";"5";"64";"64102";"2";"1";"1";"6";"N/A";"43,48497157";" -1,49491395"
"202400004989";"8";"02";"2024";"16:15";"1";"75";"75117";"2";"3";"2";"3";"AVENUE DE LA PORTE DE CLICHY";"48,89639212";"2,31032118"
"202400004990";"7";"02";"2024";"11:35";"1";"75";"75114";"2";"1";"2";"6";"BOULEVARD ARAGO";"48,83447500";"2,33415400"
"202400004991";"17";"04";"2024";"09:05";"1";"44";"44109";"2";"1";"1";"3";"69 Boulevard Joliot Curie";"47,19411060";" -1,53186828"
"202400004992";"8";"02";"2024";"16:30";"1";"75";"75113";"2";"3";"2";"6";"AVENUE D ITALIE";"48,82043800";"2,35908600"
"202400004993";"31";"10";"2024";"16:25";"1";"62";"62108";"2";"1";"1";"6";"Rue Gabriel Péri";"50,40764000";"1,56763000"
"202400004994";"7";"12";"2024";"05:45";"3";"84";"84142";"1";"1";"1";"6";"D146";"43,96726800";"4,98244500"
"202400004995";"8";"02";"2024";"18:25";"5";"75";"75111";"2";"2";"2";"6";"BOULEVARD DE BELLEVILLE";"48,86893300";"2,38046800"
"202400004996";"8";"02";"2024";"09:30";"1";"75";"75108";"2";"1";"2";"7";"COURS ALBERT 1ER";"48,86425600";"2,30278600"
"202400004997";"18";"10";"2024";"22:35";"3";"84";"84004";"1";"3";"1";"3";"route de saint-véran";"44,09980600";"5,06137100"
"202400004998";"8";"02";"2024";"14:32";"1";"75";"75107";"2";"1";"2";"6";"BOULEVARD DES INVALIDES";"48,85106000";"2,31463000"